id,url,GED,hitSmiles,qrySmiles,tanimoto_gen_vs_to_buy,total_score,HEK_classifier,CFPAC_classifier,Custom_alerts,MW,raw_HEK_classifier,raw_CFPAC_classifier,raw_MW,valid,qryInchis,inchi_to_buy
Z1883550099,Z1883550099,4.0,C1=CN=C(NC2=CC=C(NC3=NC=NC4=CC=CC=C34)C=C2)N=C1,N(c1ccc(N=c2[nH]cnc3ccccc32)cc1)=c4[nH]cccn4,0.0967741935483871,0.87715477,0.83366245,0.8737104,1.0,1.0,0.8,0.13,314.352,1,"InChI=1S/C18H14N6/c1-2-5-16-15(4-1)17(22-12-21-16)23-13-6-8-14(9-7-13)24-18-19-10-3-11-20-18/h1-12H,(H,19,20,24)(H,21,22,23)","InChI=1S/C18H14N6/c1-2-5-16-15(4-1)17(22-12-21-16)23-13-6-8-14(9-7-13)24-18-19-10-3-11-20-18/h1-12H,(H,19,20,24)(H,21,22,23)"
ZINC000565460397,ZINC000565460397,4.0,c1cnc(Nc2ccc(Nc3ncnc4ccccc34)cc2)nc1,N(c1ccc(N=c2[nH]cnc3ccccc32)cc1)=c4[nH]cccn4,0.0967741935483871,0.87715477,0.83366245,0.8737104,1.0,1.0,0.8,0.13,314.352,1,"InChI=1S/C18H14N6/c1-2-5-16-15(4-1)17(22-12-21-16)23-13-6-8-14(9-7-13)24-18-19-10-3-11-20-18/h1-12H,(H,19,20,24)(H,21,22,23)","InChI=1S/C18H14N6/c1-2-5-16-15(4-1)17(22-12-21-16)23-13-6-8-14(9-7-13)24-18-19-10-3-11-20-18/h1-12H,(H,19,20,24)(H,21,22,23)"
Z397858992,Z397858992,5.0,COCCOC1=CC=C(NC2=NC=NC3=CC=CC=C23)C=C1,N(c1ccc(N=c2nc[nH]c3c2cccc3)cc1)CC4CC4,0.1267605633802817,0.8019445,0.8424116,0.56864136,1.0,1.0,0.81,0.19,295.342,1,"InChI=1S/C18H18N4/c1-2-4-17-16(3-1)18(21-12-20-17)22-15-9-7-14(8-10-15)19-11-13-5-6-13/h1-4,7-10,12-13,19H,5-6,11H2,(H,20,21,22)","InChI=1S/C17H17N3O2/c1-21-10-11-22-14-8-6-13(7-9-14)20-17-15-4-2-3-5-16(15)18-12-19-17/h2-9,12H,10-11H2,1H3,(H,18,19,20)"
ZINC001655055206,ZINC001655055206,4.0,CC(C)CCc1ccc(Nc2ncnc3ccccc23)cc1,N(c1ccc(N=c2[nH]cnc3c2cccc3)cc1)CC4CC4,0.1791044776119403,0.8019445,0.8424116,0.56864136,1.0,1.0,0.81,0.19,291.398,1,"InChI=1S/C18H18N4/c1-2-4-17-16(3-1)18(21-12-20-17)22-15-9-7-14(8-10-15)19-11-13-5-6-13/h1-4,7-10,12-13,19H,5-6,11H2,(H,20,21,22)","InChI=1S/C19H21N3/c1-14(2)7-8-15-9-11-16(12-10-15)22-19-17-5-3-4-6-18(17)20-13-21-19/h3-6,9-14H,7-8H2,1-2H3,(H,20,21,22)"
ZINC001655055206,ZINC001655055206,4.0,CC(C)CCc1ccc(Nc2ncnc3ccccc23)cc1,N(c1ccc(N=c2nc[nH]c3c2cccc3)cc1)CC4CC4,0.1791044776119403,0.8019445,0.8424116,0.56864136,1.0,1.0,0.81,0.19,291.398,1,"InChI=1S/C18H18N4/c1-2-4-17-16(3-1)18(21-12-20-17)22-15-9-7-14(8-10-15)19-11-13-5-6-13/h1-4,7-10,12-13,19H,5-6,11H2,(H,20,21,22)","InChI=1S/C19H21N3/c1-14(2)7-8-15-9-11-16(12-10-15)22-19-17-5-3-4-6-18(17)20-13-21-19/h3-6,9-14H,7-8H2,1-2H3,(H,20,21,22)"
ZINC000261433831,ZINC000261433831,5.0,O=C(Nc1ccc(Nc2ncnc3ccc(Br)cc23)cc1)C4CC4,N(c1ccc(N=c2nc[nH]c3ccc(C)cc32)cc1)CC4CC4,0.1392405063291139,0.90232813,0.8664234,0.9011868,1.0,1.0,0.84,0.12,383.249,1,"InChI=1S/C19H20N4/c1-13-2-9-18-17(10-13)19(22-12-21-18)23-16-7-5-15(6-8-16)20-11-14-3-4-14/h2,5-10,12,14,20H,3-4,11H2,1H3,(H,21,22,23)","InChI=1S/C18H15BrN4O/c19-12-3-8-16-15(9-12)17(21-10-20-16)22-13-4-6-14(7-5-13)23-18(24)11-1-2-11/h3-11H,1-2H2,(H,23,24)(H,20,21,22)"
Z1576602625,Z1576602625,5.0,COCCOC1=CC=C(NC2=NC=NC3=CC=C(C)C=C23)C=C1,N(c1ccc(N=c2nc[nH]c3ccc(C)cc32)cc1)CC4CC4,0.1866666666666666,0.89174235,0.85878396,0.8737104,1.0,1.0,0.83,0.13,309.369,1,"InChI=1S/C19H20N4/c1-13-2-9-18-17(10-13)19(22-12-21-18)23-16-7-5-15(6-8-16)20-11-14-3-4-14/h2,5-10,12,14,20H,3-4,11H2,1H3,(H,21,22,23)","InChI=1S/C18H19N3O2/c1-13-3-8-17-16(11-13)18(20-12-19-17)21-14-4-6-15(7-5-14)23-10-9-22-2/h3-8,11-12H,9-10H2,1-2H3,(H,19,20,21)"
PV-006774325646,PV-006774325646,5.0,CC1=CC=C2N=CN=C(NC3=CC=C(CCCCO)C=C3)C2=C1,N(c1ccc(N=c2nc[nH]c3ccc(C)cc32)cc1)CC4CC4,0.1866666666666666,0.8008044,0.8402571,0.56864136,1.0,1.0,0.80749667,0.19,307.397,1,"InChI=1S/C19H20N4/c1-13-2-9-18-17(10-13)19(22-12-21-18)23-16-7-5-15(6-8-16)20-11-14-3-4-14/h2,5-10,12,14,20H,3-4,11H2,1H3,(H,21,22,23)","InChI=1S/C19H21N3O/c1-14-5-10-18-17(12-14)19(21-13-20-18)22-16-8-6-15(7-9-16)4-2-3-11-23/h5-10,12-13,23H,2-4,11H2,1H3,(H,20,21,22)"
ZINC001162361714,ZINC001162361714,3.0,c1ccc2c(Nc3ccc(NCC4CCCC4)cc3)ncnc2c1,N(c1ccc(N=c2[nH]cnc3ccccc23)cc1)CC4CCC4,0.3157894736842105,0.81056625,0.85878396,0.56864136,1.0,1.0,0.83,0.19,318.424,1,"InChI=1S/C19H20N4/c1-2-7-18-17(6-1)19(22-13-21-18)23-16-10-8-15(9-11-16)20-12-14-4-3-5-14/h1-2,6-11,13-14,20H,3-5,12H2,(H,21,22,23)","InChI=1S/C20H22N4/c1-2-6-15(5-1)13-21-16-9-11-17(12-10-16)24-20-18-7-3-4-8-19(18)22-14-23-20/h3-4,7-12,14-15,21H,1-2,5-6,13H2,(H,22,23,24)"
ZINC000243339030,ZINC000243339030,4.0,Cc1cc(N2CCCCC2)nc(Nc3ccc(N4CCCCC4)cc3)n1,c1c(N2CCOCC2)ccc(N=c3[nH]c(N4CCOCC4)cc(C)n3)c1,0.21875,0.8753386,0.8424116,0.8432988,1.0,1.0,0.81,0.13909091,351.498,1,"InChI=1S/C19H25N5O2/c1-15-14-18(24-8-12-26-13-9-24)22-19(20-15)21-16-2-4-17(5-3-16)23-6-10-25-11-7-23/h2-5,14H,6-13H2,1H3,(H,20,21,22)","InChI=1S/C21H29N5/c1-17-16-20(26-14-6-3-7-15-26)24-21(22-17)23-18-8-10-19(11-9-18)25-12-4-2-5-13-25/h8-11,16H,2-7,12-15H2,1H3,(H,22,23,24)"
ZINC000033078182,ZINC000033078182,5.0,Cc1cc(N2CCOCC2)nc(Nc3ccc(NS(=O)(=O)c4ccccc4)cc3)n1,c1ccc(N=c2[nH]c(N3CCOCC3)cc(C)n2)cc1NS(=O)(=O)c4cccnc4,0.35,0.96986,0.9479086,0.99603474,1.0,1.0,1.0,0.0,425.514,1,"InChI=1S/C20H22N6O3S/c1-15-12-19(26-8-10-29-11-9-26)24-20(22-15)23-16-4-2-5-17(13-16)25-30(27,28)18-6-3-7-21-14-18/h2-7,12-14,25H,8-11H2,1H3,(H,22,23,24)","InChI=1S/C21H23N5O3S/c1-16-15-20(26-11-13-29-14-12-26)24-21(22-16)23-17-7-9-18(10-8-17)25-30(27,28)19-5-3-2-4-6-19/h2-10,15,25H,11-14H2,1H3,(H,22,23,24)"
MCULE-2230235805,https://mcule.com/MCULE-2230235805/,,C1=C(C)N=C(NC2=CC=C(C=C2)N2CCCC2)N=C1N1CCCCC1,c1cc(N=c2[nH]c(N3CCCCC3)cc(C)n2)ccc1N1CCCC1,0.7126865671641791,0.8753386,0.8424116,0.8432988,1.0,1.0,0.81,0.13909091,337.471,1,"InChI=1S/C20H27N5/c1-16-15-19(25-13-3-2-4-14-25)23-20(21-16)22-17-7-9-18(10-8-17)24-11-5-6-12-24/h7-10,15H,2-6,11-14H2,1H3,(H,21,22,23)","InChI=1S/C20H27N5/c1-16-15-19(25-13-3-2-4-14-25)23-20(21-16)22-17-7-9-18(10-8-17)24-11-5-6-12-24/h7-10,15H,2-6,11-14H2,1H3,(H,21,22,23)"
ZINC000243559244,ZINC000243559244,2.0,Cc1cc(N2CCCCC2)nc(Nc3ccc(N4CCCC4)cc3)n1,c1cc(N=c2[nH]c(N3CCCCC3)cc(C)n2)ccc1N4CCCC4,0.3050847457627119,0.8753386,0.8424116,0.8432988,1.0,1.0,0.81,0.13909091,337.471,1,"InChI=1S/C20H27N5/c1-16-15-19(25-13-3-2-4-14-25)23-20(21-16)22-17-7-9-18(10-8-17)24-11-5-6-12-24/h7-10,15H,2-6,11-14H2,1H3,(H,21,22,23)","InChI=1S/C20H27N5/c1-16-15-19(25-13-3-2-4-14-25)23-20(21-16)22-17-7-9-18(10-8-17)24-11-5-6-12-24/h7-10,15H,2-6,11-14H2,1H3,(H,21,22,23)"
MCULE-9166158967,https://mcule.com/MCULE-9166158967/,,C1=C(C)N=C(NC2=CC=C(C=C2)N2CCCCC2)N=C1N1CCCC1,c1cc(N=c2[nH]c(N3CCCCC3)cc(C)n2)ccc1N1CCCC1,0.7126865671641791,0.8753386,0.8424116,0.8432988,1.0,1.0,0.81,0.13909091,337.471,1,"InChI=1S/C20H27N5/c1-16-15-19(25-13-3-2-4-14-25)23-20(21-16)22-17-7-9-18(10-8-17)24-11-5-6-12-24/h7-10,15H,2-6,11-14H2,1H3,(H,21,22,23)","InChI=1S/C20H27N5/c1-16-15-19(25-13-5-6-14-25)23-20(21-16)22-17-7-9-18(10-8-17)24-11-3-2-4-12-24/h7-10,15H,2-6,11-14H2,1H3,(H,21,22,23)"
MCULE-2230235805,https://mcule.com/MCULE-2230235805/,,C1=C(C)N=C(NC2=CC=C(C=C2)N2CCCC2)N=C1N1CCCCC1,c1cc(N=c2[nH]c(N3CCCC3)cc(C)n2)ccc1N1CCCCC1,0.7126865671641791,0.8753386,0.8424116,0.8432988,1.0,1.0,0.81,0.13909091,337.471,1,"InChI=1S/C20H27N5/c1-16-15-19(25-13-5-6-14-25)23-20(21-16)22-17-7-9-18(10-8-17)24-11-3-2-4-12-24/h7-10,15H,2-6,11-14H2,1H3,(H,21,22,23)","InChI=1S/C20H27N5/c1-16-15-19(25-13-3-2-4-14-25)23-20(21-16)22-17-7-9-18(10-8-17)24-11-5-6-12-24/h7-10,15H,2-6,11-14H2,1H3,(H,21,22,23)"
MCULE-9166158967,https://mcule.com/MCULE-9166158967/,,C1=C(C)N=C(NC2=CC=C(C=C2)N2CCCCC2)N=C1N1CCCC1,c1cc(N=c2[nH]c(N3CCCC3)cc(C)n2)ccc1N1CCCCC1,0.7126865671641791,0.8753386,0.8424116,0.8432988,1.0,1.0,0.81,0.13909091,337.471,1,"InChI=1S/C20H27N5/c1-16-15-19(25-13-5-6-14-25)23-20(21-16)22-17-7-9-18(10-8-17)24-11-3-2-4-12-24/h7-10,15H,2-6,11-14H2,1H3,(H,21,22,23)","InChI=1S/C20H27N5/c1-16-15-19(25-13-5-6-14-25)23-20(21-16)22-17-7-9-18(10-8-17)24-11-3-2-4-12-24/h7-10,15H,2-6,11-14H2,1H3,(H,21,22,23)"
ZINC000243714036,ZINC000243714036,2.0,Cc1cc(N2CCCC2)nc(Nc3ccc(N4CCCCC4)cc3)n1,c1cc(N=c2[nH]c(N3CCCC3)cc(C)n2)ccc1N4CCCCC4,0.3050847457627119,0.8753386,0.8424116,0.8432988,1.0,1.0,0.81,0.13909091,337.471,1,"InChI=1S/C20H27N5/c1-16-15-19(25-13-5-6-14-25)23-20(21-16)22-17-7-9-18(10-8-17)24-11-3-2-4-12-24/h7-10,15H,2-6,11-14H2,1H3,(H,21,22,23)","InChI=1S/C20H27N5/c1-16-15-19(25-13-5-6-14-25)23-20(21-16)22-17-7-9-18(10-8-17)24-11-3-2-4-12-24/h7-10,15H,2-6,11-14H2,1H3,(H,21,22,23)"
MCULE-2455836955,https://mcule.com/MCULE-2455836955/,,S(=O)(=O)(C1=CC=CC(F)=C1)NC1C=CC(=CC=1)NC1=NC(C)=CC(N2CCOCC2)=N1,c1ccc(N=c2[nH]c(N3CCOCC3)cc(C)n2)cc1NS(=O)(c1ccc(Cl)cc1)=O,0.7076271186440678,0.96986,0.9479086,0.99603474,1.0,1.0,1.0,0.0,443.504,1,"InChI=1S/C21H22ClN5O3S/c1-15-13-20(27-9-11-30-12-10-27)25-21(23-15)24-17-3-2-4-18(14-17)26-31(28,29)19-7-5-16(22)6-8-19/h2-8,13-14,26H,9-12H2,1H3,(H,23,24,25)","InChI=1S/C21H22FN5O3S/c1-15-13-20(27-9-11-30-12-10-27)25-21(23-15)24-17-5-7-18(8-6-17)26-31(28,29)19-4-2-3-16(22)14-19/h2-8,13-14,26H,9-12H2,1H3,(H,23,24,25)"
MCULE-8388595355,https://mcule.com/MCULE-8388595355/,,S(=O)(=O)(C1C=CC(=CC=1)F)NC1=CC=C(C=C1)NC1=NC(C)=CC(N2CCOCC2)=N1,c1ccc(N=c2[nH]c(N3CCOCC3)cc(C)n2)cc1NS(=O)(c1ccc(Cl)cc1)=O,0.7102272727272727,0.8478343,0.85878396,0.6961288,1.0,1.0,0.83,0.17,443.504,1,"InChI=1S/C21H22ClN5O3S/c1-15-13-20(27-9-11-30-12-10-27)25-21(23-15)24-17-3-2-4-18(14-17)26-31(28,29)19-7-5-16(22)6-8-19/h2-8,13-14,26H,9-12H2,1H3,(H,23,24,25)","InChI=1S/C21H22FN5O3S/c1-15-14-20(27-10-12-30-13-11-27)25-21(23-15)24-17-4-6-18(7-5-17)26-31(28,29)19-8-2-16(22)3-9-19/h2-9,14,26H,10-13H2,1H3,(H,23,24,25)"
ZINC000017013744,ZINC000017013744,5.0,Cc1cc(N2CCOCC2)nc(Nc3ccc(NS(=O)(=O)c4ccc(F)cc4)cc3)n1,c1ccc(N=c2[nH]c(N3CCOCC3)cc(C)n2)cc1NS(=O)(c4ccc(Cl)cc4)=O,0.3095238095238095,0.8478343,0.85878396,0.6961288,1.0,1.0,0.83,0.17,443.504,1,"InChI=1S/C21H22ClN5O3S/c1-15-13-20(27-9-11-30-12-10-27)25-21(23-15)24-17-3-2-4-18(14-17)26-31(28,29)19-7-5-16(22)6-8-19/h2-8,13-14,26H,9-12H2,1H3,(H,23,24,25)","InChI=1S/C21H22FN5O3S/c1-15-14-20(27-10-12-30-13-11-27)25-21(23-15)24-17-4-6-18(7-5-17)26-31(28,29)19-8-2-16(22)3-9-19/h2-9,14,26H,10-13H2,1H3,(H,23,24,25)"
MCULE-4061343581,https://mcule.com/MCULE-4061343581/,,S(=O)(=O)(C1C=CC(=CC=1)I)NC1=CC=C(C=C1)NC1=NC(C)=CC(N2CCOCC2)=N1,c1ccc(N=c2[nH]c(N3CCOCC3)cc(C)n2)cc1NS(=O)(c1ccc(Cl)cc1)=O,0.716927453769559,0.0,0.8507829,0.97319597,1.0,0.0,0.82,0.07,551.41,1,"InChI=1S/C21H22ClN5O3S/c1-15-13-20(27-9-11-30-12-10-27)25-21(23-15)24-17-3-2-4-18(14-17)26-31(28,29)19-7-5-16(22)6-8-19/h2-8,13-14,26H,9-12H2,1H3,(H,23,24,25)","InChI=1S/C21H22IN5O3S/c1-15-14-20(27-10-12-30-13-11-27)25-21(23-15)24-17-4-6-18(7-5-17)26-31(28,29)19-8-2-16(22)3-9-19/h2-9,14,26H,10-13H2,1H3,(H,23,24,25)"
ZINC000100957792,ZINC000100957792,5.0,Cc1cc(N2CCOCC2)nc(Nc3ccc(NS(=O)(=O)c4ccc(I)cc4)cc3)n1,c1ccc(N=c2[nH]c(N3CCOCC3)cc(C)n2)cc1NS(=O)(c4ccc(Cl)cc4)=O,0.3095238095238095,0.0,0.8507829,0.97319597,1.0,0.0,0.82,0.07,551.41,1,"InChI=1S/C21H22ClN5O3S/c1-15-13-20(27-9-11-30-12-10-27)25-21(23-15)24-17-3-2-4-18(14-17)26-31(28,29)19-7-5-16(22)6-8-19/h2-8,13-14,26H,9-12H2,1H3,(H,23,24,25)","InChI=1S/C21H22IN5O3S/c1-15-14-20(27-10-12-30-13-11-27)25-21(23-15)24-17-4-6-18(7-5-17)26-31(28,29)19-8-2-16(22)3-9-19/h2-9,14,26H,10-13H2,1H3,(H,23,24,25)"
MCULE-6897749138,https://mcule.com/MCULE-6897749138/,,S(C1C=CC=CC=1)(=O)(=O)NC1=CC=C(C=C1)NC1=NC(C)=CC(N2CCOCC2)=N1,c1ccc(N=c2[nH]c(N3CCOCC3)cc(C)n2)cc1NS(=O)(c1ccc(Cl)cc1)=O,0.7299270072992701,0.96986,0.9479086,0.99603474,1.0,1.0,1.0,0.0,425.514,1,"InChI=1S/C21H22ClN5O3S/c1-15-13-20(27-9-11-30-12-10-27)25-21(23-15)24-17-3-2-4-18(14-17)26-31(28,29)19-7-5-16(22)6-8-19/h2-8,13-14,26H,9-12H2,1H3,(H,23,24,25)","InChI=1S/C21H23N5O3S/c1-16-15-20(26-11-13-29-14-12-26)24-21(22-16)23-17-7-9-18(10-8-17)25-30(27,28)19-5-3-2-4-6-19/h2-10,15,25H,11-14H2,1H3,(H,22,23,24)"
MCULE-1508380250,https://mcule.com/MCULE-1508380250/,,S(=O)(=O)(C1C=CC(=CC=1)C)NC1C=CC(=CC=1)NC1=NC(C)=CC(N2CCOCC2)=N1,c1ccc(N=c2[nH]c(N3CCOCC3)cc(C)n2)cc1NS(=O)(c1ccc(Cl)cc1)=O,0.7228571428571429,0.833965,0.83366245,0.6961288,1.0,1.0,0.8,0.17,439.541,1,"InChI=1S/C21H22ClN5O3S/c1-15-13-20(27-9-11-30-12-10-27)25-21(23-15)24-17-3-2-4-18(14-17)26-31(28,29)19-7-5-16(22)6-8-19/h2-8,13-14,26H,9-12H2,1H3,(H,23,24,25)","InChI=1S/C22H25N5O3S/c1-16-3-9-20(10-4-16)31(28,29)26-19-7-5-18(6-8-19)24-22-23-17(2)15-21(25-22)27-11-13-30-14-12-27/h3-10,15,26H,11-14H2,1-2H3,(H,23,24,25)"
ZINC000017050991,ZINC000017050991,5.0,Cc1ccc(S(=O)(=O)Nc2ccc(Nc3nc(C)cc(N4CCOCC4)n3)cc2)cc1,c1ccc(N=c2[nH]c(N3CCOCC3)cc(C)n2)cc1NS(=O)(c4ccc(Cl)cc4)=O,0.3170731707317073,0.833965,0.83366245,0.6961288,1.0,1.0,0.8,0.17,439.541,1,"InChI=1S/C21H22ClN5O3S/c1-15-13-20(27-9-11-30-12-10-27)25-21(23-15)24-17-3-2-4-18(14-17)26-31(28,29)19-7-5-16(22)6-8-19/h2-8,13-14,26H,9-12H2,1H3,(H,23,24,25)","InChI=1S/C22H25N5O3S/c1-16-3-9-20(10-4-16)31(28,29)26-19-7-5-18(6-8-19)24-22-23-17(2)15-21(25-22)27-11-13-30-14-12-27/h3-10,15,26H,11-14H2,1-2H3,(H,23,24,25)"
MCULE-9239648684,https://mcule.com/MCULE-9239648684/,,S(=O)(=O)(C1=CC=CC(C)=C1)NC1=CC=C(C=C1)NC1=NC(C)=CC(N2CCOCC2)=N1,c1ccc(N=c2[nH]c(N3CCOCC3)cc(C)n2)cc1NS(=O)(c1ccc(Cl)cc1)=O,0.7211948790896159,0.8306188,0.85878396,0.63474333,1.0,1.0,0.83,0.18,439.541,1,"InChI=1S/C21H22ClN5O3S/c1-15-13-20(27-9-11-30-12-10-27)25-21(23-15)24-17-3-2-4-18(14-17)26-31(28,29)19-7-5-16(22)6-8-19/h2-8,13-14,26H,9-12H2,1H3,(H,23,24,25)","InChI=1S/C22H25N5O3S/c1-16-4-3-5-20(14-16)31(28,29)26-19-8-6-18(7-9-19)24-22-23-17(2)15-21(25-22)27-10-12-30-13-11-27/h3-9,14-15,26H,10-13H2,1-2H3,(H,23,24,25)"
MCULE-5816683920,https://mcule.com/MCULE-5816683920/,,S(=O)(=O)(C1C=CC(=CC=1)CC)NC1C=CC(=CC=1)NC1=NC(C)=CC(N2CCOCC2)=N1,c1ccc(N=c2[nH]c(N3CCOCC3)cc(C)n2)cc1NS(=O)(c1ccc(Cl)cc1)=O,0.7205673758865249,0.88396764,0.85878396,0.8399507,1.0,1.0,0.83,0.14,453.568,1,"InChI=1S/C21H22ClN5O3S/c1-15-13-20(27-9-11-30-12-10-27)25-21(23-15)24-17-3-2-4-18(14-17)26-31(28,29)19-7-5-16(22)6-8-19/h2-8,13-14,26H,9-12H2,1H3,(H,23,24,25)","InChI=1S/C23H27N5O3S/c1-3-18-4-10-21(11-5-18)32(29,30)27-20-8-6-19(7-9-20)25-23-24-17(2)16-22(26-23)28-12-14-31-15-13-28/h4-11,16,27H,3,12-15H2,1-2H3,(H,24,25,26)"
MCULE-2455836955,https://mcule.com/MCULE-2455836955/,,S(=O)(=O)(C1=CC=CC(F)=C1)NC1C=CC(=CC=1)NC1=NC(C)=CC(N2CCOCC2)=N1,c1ccc(N=c2[nH]c(N3CCOCC3)cc(C)n2)cc1NS(=O)(c1ccc(F)cc1)=O,0.7363896848137536,0.96986,0.9479086,0.99603474,1.0,1.0,1.0,0.0,443.504,1,"InChI=1S/C21H22FN5O3S/c1-15-13-20(27-9-11-30-12-10-27)25-21(23-15)24-17-3-2-4-18(14-17)26-31(28,29)19-7-5-16(22)6-8-19/h2-8,13-14,26H,9-12H2,1H3,(H,23,24,25)","InChI=1S/C21H22FN5O3S/c1-15-13-20(27-9-11-30-12-10-27)25-21(23-15)24-17-5-7-18(8-6-17)26-31(28,29)19-4-2-3-16(22)14-19/h2-8,13-14,26H,9-12H2,1H3,(H,23,24,25)"
MCULE-8388595355,https://mcule.com/MCULE-8388595355/,,S(=O)(=O)(C1C=CC(=CC=1)F)NC1=CC=C(C=C1)NC1=NC(C)=CC(N2CCOCC2)=N1,c1ccc(N=c2[nH]c(N3CCOCC3)cc(C)n2)cc1NS(=O)(c1ccc(F)cc1)=O,0.762043795620438,0.8478343,0.85878396,0.6961288,1.0,1.0,0.83,0.17,443.504,1,"InChI=1S/C21H22FN5O3S/c1-15-13-20(27-9-11-30-12-10-27)25-21(23-15)24-17-3-2-4-18(14-17)26-31(28,29)19-7-5-16(22)6-8-19/h2-8,13-14,26H,9-12H2,1H3,(H,23,24,25)","InChI=1S/C21H22FN5O3S/c1-15-14-20(27-10-12-30-13-11-27)25-21(23-15)24-17-4-6-18(7-5-17)26-31(28,29)19-8-2-16(22)3-9-19/h2-9,14,26H,10-13H2,1H3,(H,23,24,25)"
ZINC000017013744,ZINC000017013744,4.0,Cc1cc(N2CCOCC2)nc(Nc3ccc(NS(=O)(=O)c4ccc(F)cc4)cc3)n1,c1ccc(N=c2[nH]c(N3CCOCC3)cc(C)n2)cc1NS(=O)(c4ccc(F)cc4)=O,0.2954545454545454,0.8478343,0.85878396,0.6961288,1.0,1.0,0.83,0.17,443.504,1,"InChI=1S/C21H22FN5O3S/c1-15-13-20(27-9-11-30-12-10-27)25-21(23-15)24-17-3-2-4-18(14-17)26-31(28,29)19-7-5-16(22)6-8-19/h2-8,13-14,26H,9-12H2,1H3,(H,23,24,25)","InChI=1S/C21H22FN5O3S/c1-15-14-20(27-10-12-30-13-11-27)25-21(23-15)24-17-4-6-18(7-5-17)26-31(28,29)19-8-2-16(22)3-9-19/h2-9,14,26H,10-13H2,1H3,(H,23,24,25)"
MCULE-4061343581,https://mcule.com/MCULE-4061343581/,,S(=O)(=O)(C1C=CC(=CC=1)I)NC1=CC=C(C=C1)NC1=NC(C)=CC(N2CCOCC2)=N1,c1ccc(N=c2[nH]c(N3CCOCC3)cc(C)n2)cc1NS(=O)(c1ccc(F)cc1)=O,0.71875,0.0,0.8507829,0.97319597,1.0,0.0,0.82,0.07,551.41,1,"InChI=1S/C21H22FN5O3S/c1-15-13-20(27-9-11-30-12-10-27)25-21(23-15)24-17-3-2-4-18(14-17)26-31(28,29)19-7-5-16(22)6-8-19/h2-8,13-14,26H,9-12H2,1H3,(H,23,24,25)","InChI=1S/C21H22IN5O3S/c1-15-14-20(27-10-12-30-13-11-27)25-21(23-15)24-17-4-6-18(7-5-17)26-31(28,29)19-8-2-16(22)3-9-19/h2-9,14,26H,10-13H2,1H3,(H,23,24,25)"
ZINC000100957792,ZINC000100957792,5.0,Cc1cc(N2CCOCC2)nc(Nc3ccc(NS(=O)(=O)c4ccc(I)cc4)cc3)n1,c1ccc(N=c2[nH]c(N3CCOCC3)cc(C)n2)cc1NS(=O)(c4ccc(F)cc4)=O,0.3095238095238095,0.0,0.8507829,0.97319597,1.0,0.0,0.82,0.07,551.41,1,"InChI=1S/C21H22FN5O3S/c1-15-13-20(27-9-11-30-12-10-27)25-21(23-15)24-17-3-2-4-18(14-17)26-31(28,29)19-7-5-16(22)6-8-19/h2-8,13-14,26H,9-12H2,1H3,(H,23,24,25)","InChI=1S/C21H22IN5O3S/c1-15-14-20(27-10-12-30-13-11-27)25-21(23-15)24-17-4-6-18(7-5-17)26-31(28,29)19-8-2-16(22)3-9-19/h2-9,14,26H,10-13H2,1H3,(H,23,24,25)"
MCULE-6897749138,https://mcule.com/MCULE-6897749138/,,S(C1C=CC=CC=1)(=O)(=O)NC1=CC=C(C=C1)NC1=NC(C)=CC(N2CCOCC2)=N1,c1ccc(N=c2[nH]c(N3CCOCC3)cc(C)n2)cc1NS(=O)(c1ccc(F)cc1)=O,0.7343065693430657,0.96986,0.9479086,0.99603474,1.0,1.0,1.0,0.0,425.514,1,"InChI=1S/C21H22FN5O3S/c1-15-13-20(27-9-11-30-12-10-27)25-21(23-15)24-17-3-2-4-18(14-17)26-31(28,29)19-7-5-16(22)6-8-19/h2-8,13-14,26H,9-12H2,1H3,(H,23,24,25)","InChI=1S/C21H23N5O3S/c1-16-15-20(26-11-13-29-14-12-26)24-21(22-16)23-17-7-9-18(10-8-17)25-30(27,28)19-5-3-2-4-6-19/h2-10,15,25H,11-14H2,1H3,(H,22,23,24)"
MCULE-1508380250,https://mcule.com/MCULE-1508380250/,,S(=O)(=O)(C1C=CC(=CC=1)C)NC1C=CC(=CC=1)NC1=NC(C)=CC(N2CCOCC2)=N1,c1ccc(N=c2[nH]c(N3CCOCC3)cc(C)n2)cc1NS(=O)(c1ccc(F)cc1)=O,0.724679029957204,0.833965,0.83366245,0.6961288,1.0,1.0,0.8,0.17,439.541,1,"InChI=1S/C21H22FN5O3S/c1-15-13-20(27-9-11-30-12-10-27)25-21(23-15)24-17-3-2-4-18(14-17)26-31(28,29)19-7-5-16(22)6-8-19/h2-8,13-14,26H,9-12H2,1H3,(H,23,24,25)","InChI=1S/C22H25N5O3S/c1-16-3-9-20(10-4-16)31(28,29)26-19-7-5-18(6-8-19)24-22-23-17(2)15-21(25-22)27-11-13-30-14-12-27/h3-10,15,26H,11-14H2,1-2H3,(H,23,24,25)"
ZINC000017050991,ZINC000017050991,5.0,Cc1ccc(S(=O)(=O)Nc2ccc(Nc3nc(C)cc(N4CCOCC4)n3)cc2)cc1,c1ccc(N=c2[nH]c(N3CCOCC3)cc(C)n2)cc1NS(=O)(c4ccc(F)cc4)=O,0.3170731707317073,0.833965,0.83366245,0.6961288,1.0,1.0,0.8,0.17,439.541,1,"InChI=1S/C21H22FN5O3S/c1-15-13-20(27-9-11-30-12-10-27)25-21(23-15)24-17-3-2-4-18(14-17)26-31(28,29)19-7-5-16(22)6-8-19/h2-8,13-14,26H,9-12H2,1H3,(H,23,24,25)","InChI=1S/C22H25N5O3S/c1-16-3-9-20(10-4-16)31(28,29)26-19-7-5-18(6-8-19)24-22-23-17(2)15-21(25-22)27-11-13-30-14-12-27/h3-10,15,26H,11-14H2,1-2H3,(H,23,24,25)"
MCULE-9239648684,https://mcule.com/MCULE-9239648684/,,S(=O)(=O)(C1=CC=CC(C)=C1)NC1=CC=C(C=C1)NC1=NC(C)=CC(N2CCOCC2)=N1,c1ccc(N=c2[nH]c(N3CCOCC3)cc(C)n2)cc1NS(=O)(c1ccc(F)cc1)=O,0.7205673758865249,0.8306188,0.85878396,0.63474333,1.0,1.0,0.83,0.18,439.541,1,"InChI=1S/C21H22FN5O3S/c1-15-13-20(27-9-11-30-12-10-27)25-21(23-15)24-17-3-2-4-18(14-17)26-31(28,29)19-7-5-16(22)6-8-19/h2-8,13-14,26H,9-12H2,1H3,(H,23,24,25)","InChI=1S/C22H25N5O3S/c1-16-4-3-5-20(14-16)31(28,29)26-19-8-6-18(7-9-19)24-22-23-17(2)15-21(25-22)27-10-12-30-13-11-27/h3-9,14-15,26H,10-13H2,1-2H3,(H,23,24,25)"
MCULE-5816683920,https://mcule.com/MCULE-5816683920/,,S(=O)(=O)(C1C=CC(=CC=1)CC)NC1C=CC(=CC=1)NC1=NC(C)=CC(N2CCOCC2)=N1,c1ccc(N=c2[nH]c(N3CCOCC3)cc(C)n2)cc1NS(=O)(c1ccc(F)cc1)=O,0.7223796033994334,0.88396764,0.85878396,0.8399507,1.0,1.0,0.83,0.14,453.568,1,"InChI=1S/C21H22FN5O3S/c1-15-13-20(27-9-11-30-12-10-27)25-21(23-15)24-17-3-2-4-18(14-17)26-31(28,29)19-7-5-16(22)6-8-19/h2-8,13-14,26H,9-12H2,1H3,(H,23,24,25)","InChI=1S/C23H27N5O3S/c1-3-18-4-10-21(11-5-18)32(29,30)27-20-8-6-19(7-9-20)25-23-24-17(2)16-22(26-23)28-12-14-31-15-13-28/h4-11,16,27H,3,12-15H2,1-2H3,(H,24,25,26)"
MCULE-2455836955,https://mcule.com/MCULE-2455836955/,,S(=O)(=O)(C1=CC=CC(F)=C1)NC1C=CC(=CC=1)NC1=NC(C)=CC(N2CCOCC2)=N1,c1ccc(N=c2[nH]c(N3CCOCC3)cc(C)n2)cc1NS(=O)(=O)c1ccccc1,0.7256894049346879,0.96986,0.9479086,0.99603474,1.0,1.0,1.0,0.0,443.504,1,"InChI=1S/C21H23N5O3S/c1-16-14-20(26-10-12-29-13-11-26)24-21(22-16)23-17-6-5-7-18(15-17)25-30(27,28)19-8-3-2-4-9-19/h2-9,14-15,25H,10-13H2,1H3,(H,22,23,24)","InChI=1S/C21H22FN5O3S/c1-15-13-20(27-9-11-30-12-10-27)25-21(23-15)24-17-5-7-18(8-6-17)26-31(28,29)19-4-2-3-16(22)14-19/h2-8,13-14,26H,9-12H2,1H3,(H,23,24,25)"
MCULE-8388595355,https://mcule.com/MCULE-8388595355/,,S(=O)(=O)(C1C=CC(=CC=1)F)NC1=CC=C(C=C1)NC1=NC(C)=CC(N2CCOCC2)=N1,c1ccc(N=c2[nH]c(N3CCOCC3)cc(C)n2)cc1NS(=O)(=O)c1ccccc1,0.7284671532846715,0.8478343,0.85878396,0.6961288,1.0,1.0,0.83,0.17,443.504,1,"InChI=1S/C21H23N5O3S/c1-16-14-20(26-10-12-29-13-11-26)24-21(22-16)23-17-6-5-7-18(15-17)25-30(27,28)19-8-3-2-4-9-19/h2-9,14-15,25H,10-13H2,1H3,(H,22,23,24)","InChI=1S/C21H22FN5O3S/c1-15-14-20(27-10-12-30-13-11-27)25-21(23-15)24-17-4-6-18(7-5-17)26-31(28,29)19-8-2-16(22)3-9-19/h2-9,14,26H,10-13H2,1H3,(H,23,24,25)"
MCULE-4061343581,https://mcule.com/MCULE-4061343581/,,S(=O)(=O)(C1C=CC(=CC=1)I)NC1=CC=C(C=C1)NC1=NC(C)=CC(N2CCOCC2)=N1,c1ccc(N=c2[nH]c(N3CCOCC3)cc(C)n2)cc1NS(=O)(=O)c1ccccc1,0.7328467153284671,0.0,0.8507829,0.97319597,1.0,0.0,0.82,0.07,551.41,1,"InChI=1S/C21H23N5O3S/c1-16-14-20(26-10-12-29-13-11-26)24-21(22-16)23-17-6-5-7-18(15-17)25-30(27,28)19-8-3-2-4-9-19/h2-9,14-15,25H,10-13H2,1H3,(H,22,23,24)","InChI=1S/C21H22IN5O3S/c1-15-14-20(27-10-12-30-13-11-27)25-21(23-15)24-17-4-6-18(7-5-17)26-31(28,29)19-8-2-16(22)3-9-19/h2-9,14,26H,10-13H2,1H3,(H,23,24,25)"
MCULE-6897749138,https://mcule.com/MCULE-6897749138/,,S(C1C=CC=CC=1)(=O)(=O)NC1=CC=C(C=C1)NC1=NC(C)=CC(N2CCOCC2)=N1,c1ccc(N=c2[nH]c(N3CCOCC3)cc(C)n2)cc1NS(=O)(=O)c1ccccc1,0.7492492492492493,0.96986,0.9479086,0.99603474,1.0,1.0,1.0,0.0,425.514,1,"InChI=1S/C21H23N5O3S/c1-16-14-20(26-10-12-29-13-11-26)24-21(22-16)23-17-6-5-7-18(15-17)25-30(27,28)19-8-3-2-4-9-19/h2-9,14-15,25H,10-13H2,1H3,(H,22,23,24)","InChI=1S/C21H23N5O3S/c1-16-15-20(26-11-13-29-14-12-26)24-21(22-16)23-17-7-9-18(10-8-17)25-30(27,28)19-5-3-2-4-6-19/h2-10,15,25H,11-14H2,1H3,(H,22,23,24)"
ZINC000033078182,ZINC000033078182,4.0,Cc1cc(N2CCOCC2)nc(Nc3ccc(NS(=O)(=O)c4ccccc4)cc3)n1,c1ccc(N=c2[nH]c(N3CCOCC3)cc(C)n2)cc1NS(=O)(=O)c4ccccc4,0.3835616438356164,0.96986,0.9479086,0.99603474,1.0,1.0,1.0,0.0,425.514,1,"InChI=1S/C21H23N5O3S/c1-16-14-20(26-10-12-29-13-11-26)24-21(22-16)23-17-6-5-7-18(15-17)25-30(27,28)19-8-3-2-4-9-19/h2-9,14-15,25H,10-13H2,1H3,(H,22,23,24)","InChI=1S/C21H23N5O3S/c1-16-15-20(26-11-13-29-14-12-26)24-21(22-16)23-17-7-9-18(10-8-17)25-30(27,28)19-5-3-2-4-6-19/h2-10,15,25H,11-14H2,1H3,(H,22,23,24)"
ZINC000033318494,ZINC000033318494,5.0,Cc1nc(Nc2ccc(NS(=O)(=O)c3ccccc3)cc2)cc(N4CCOCC4)n1,c1ccc(N=c2[nH]c(N3CCOCC3)cc(C)n2)cc1NS(=O)(=O)c4ccccc4,0.3733333333333333,0.81456417,0.8664234,0.56864136,1.0,1.0,0.84,0.19,425.514,1,"InChI=1S/C21H23N5O3S/c1-16-14-20(26-10-12-29-13-11-26)24-21(22-16)23-17-6-5-7-18(15-17)25-30(27,28)19-8-3-2-4-9-19/h2-9,14-15,25H,10-13H2,1H3,(H,22,23,24)","InChI=1S/C21H23N5O3S/c1-16-22-20(15-21(23-16)26-11-13-29-14-12-26)24-17-7-9-18(10-8-17)25-30(27,28)19-5-3-2-4-6-19/h2-10,15,25H,11-14H2,1H3,(H,22,23,24)"
MCULE-1508380250,https://mcule.com/MCULE-1508380250/,,S(=O)(=O)(C1C=CC(=CC=1)C)NC1C=CC(=CC=1)NC1=NC(C)=CC(N2CCOCC2)=N1,c1ccc(N=c2[nH]c(N3CCOCC3)cc(C)n2)cc1NS(=O)(=O)c1ccccc1,0.7390029325513197,0.833965,0.83366245,0.6961288,1.0,1.0,0.8,0.17,439.541,1,"InChI=1S/C21H23N5O3S/c1-16-14-20(26-10-12-29-13-11-26)24-21(22-16)23-17-6-5-7-18(15-17)25-30(27,28)19-8-3-2-4-9-19/h2-9,14-15,25H,10-13H2,1H3,(H,22,23,24)","InChI=1S/C22H25N5O3S/c1-16-3-9-20(10-4-16)31(28,29)26-19-7-5-18(6-8-19)24-22-23-17(2)15-21(25-22)27-11-13-30-14-12-27/h3-10,15,26H,11-14H2,1-2H3,(H,23,24,25)"
MCULE-9239648684,https://mcule.com/MCULE-9239648684/,,S(=O)(=O)(C1=CC=CC(C)=C1)NC1=CC=C(C=C1)NC1=NC(C)=CC(N2CCOCC2)=N1,c1ccc(N=c2[nH]c(N3CCOCC3)cc(C)n2)cc1NS(=O)(=O)c1ccccc1,0.7346938775510204,0.8306188,0.85878396,0.63474333,1.0,1.0,0.83,0.18,439.541,1,"InChI=1S/C21H23N5O3S/c1-16-14-20(26-10-12-29-13-11-26)24-21(22-16)23-17-6-5-7-18(15-17)25-30(27,28)19-8-3-2-4-9-19/h2-9,14-15,25H,10-13H2,1H3,(H,22,23,24)","InChI=1S/C22H25N5O3S/c1-16-4-3-5-20(14-16)31(28,29)26-19-8-6-18(7-9-19)24-22-23-17(2)15-21(25-22)27-10-12-30-13-11-27/h3-9,14-15,26H,10-13H2,1-2H3,(H,23,24,25)"
MCULE-5816683920,https://mcule.com/MCULE-5816683920/,,S(=O)(=O)(C1C=CC(=CC=1)CC)NC1C=CC(=CC=1)NC1=NC(C)=CC(N2CCOCC2)=N1,c1ccc(N=c2[nH]c(N3CCOCC3)cc(C)n2)cc1NS(=O)(=O)c1ccccc1,0.7365356622998545,0.88396764,0.85878396,0.8399507,1.0,1.0,0.83,0.14,453.568,1,"InChI=1S/C21H23N5O3S/c1-16-14-20(26-10-12-29-13-11-26)24-21(22-16)23-17-6-5-7-18(15-17)25-30(27,28)19-8-3-2-4-9-19/h2-9,14-15,25H,10-13H2,1H3,(H,22,23,24)","InChI=1S/C23H27N5O3S/c1-3-18-4-10-21(11-5-18)32(29,30)27-20-8-6-19(7-9-20)25-23-24-17(2)16-22(26-23)28-12-14-31-15-13-28/h4-11,16,27H,3,12-15H2,1-2H3,(H,24,25,26)"
ZINC000243559244,ZINC000243559244,3.0,Cc1cc(N2CCCCC2)nc(Nc3ccc(N4CCCC4)cc3)n1,c1cc(N=c2[nH]c(N3CCCCCC3)cc(C)n2)ccc1N4CCCC4,0.3050847457627119,0.8753386,0.8424116,0.8432988,1.0,1.0,0.81,0.13909091,337.471,1,"InChI=1S/C21H29N5/c1-17-16-20(26-14-4-2-3-5-15-26)24-21(22-17)23-18-8-10-19(11-9-18)25-12-6-7-13-25/h8-11,16H,2-7,12-15H2,1H3,(H,22,23,24)","InChI=1S/C20H27N5/c1-16-15-19(25-13-3-2-4-14-25)23-20(21-16)22-17-7-9-18(10-8-17)24-11-5-6-12-24/h7-10,15H,2-6,11-14H2,1H3,(H,21,22,23)"
MCULE-7455265610,https://mcule.com/MCULE-7455265610/,,C1=C(C)N=C(NC2=CC=C(C=C2)N2CCCC2)N=C1N1CCCCCC1,c1cc(N=c2[nH]c(N3CCCCCC3)cc(C)n2)ccc1N1CCCC1,0.7197802197802198,0.8753386,0.8424116,0.8432988,1.0,1.0,0.81,0.13909091,351.498,1,"InChI=1S/C21H29N5/c1-17-16-20(26-14-4-2-3-5-15-26)24-21(22-17)23-18-8-10-19(11-9-18)25-12-6-7-13-25/h8-11,16H,2-7,12-15H2,1H3,(H,22,23,24)","InChI=1S/C21H29N5/c1-17-16-20(26-14-4-2-3-5-15-26)24-21(22-17)23-18-8-10-19(11-9-18)25-12-6-7-13-25/h8-11,16H,2-7,12-15H2,1H3,(H,22,23,24)"
ZINC000243095537,ZINC000243095537,2.0,Cc1cc(N2CCCCCC2)nc(Nc3ccc(N4CCCC4)cc3)n1,c1cc(N=c2[nH]c(N3CCCCCC3)cc(C)n2)ccc1N4CCCC4,0.3050847457627119,0.8753386,0.8424116,0.8432988,1.0,1.0,0.81,0.13909091,351.498,1,"InChI=1S/C21H29N5/c1-17-16-20(26-14-4-2-3-5-15-26)24-21(22-17)23-18-8-10-19(11-9-18)25-12-6-7-13-25/h8-11,16H,2-7,12-15H2,1H3,(H,22,23,24)","InChI=1S/C21H29N5/c1-17-16-20(26-14-4-2-3-5-15-26)24-21(22-17)23-18-8-10-19(11-9-18)25-12-6-7-13-25/h8-11,16H,2-7,12-15H2,1H3,(H,22,23,24)"
MCULE-8811163919,https://mcule.com/MCULE-8811163919/,,C1=C(C)N=C(NC2=CC=C(C=C2)N2CCCCC2)N=C1N1CCCCCC1,c1cc(N=c2[nH]c(N3CCCCCC3)cc(C)n2)ccc1N1CCCC1,0.7065217391304348,0.8753386,0.8424116,0.8432988,1.0,1.0,0.81,0.13909091,365.525,1,"InChI=1S/C21H29N5/c1-17-16-20(26-14-4-2-3-5-15-26)24-21(22-17)23-18-8-10-19(11-9-18)25-12-6-7-13-25/h8-11,16H,2-7,12-15H2,1H3,(H,22,23,24)","InChI=1S/C22H31N5/c1-18-17-21(27-15-5-2-3-6-16-27)25-22(23-18)24-19-9-11-20(12-10-19)26-13-7-4-8-14-26/h9-12,17H,2-8,13-16H2,1H3,(H,23,24,25)"
ZINC000243074941,ZINC000243074941,3.0,Cc1cc(N2CCCCCC2)nc(Nc3ccc(N4CCCCC4)cc3)n1,c1cc(N=c2[nH]c(N3CCCCCC3)cc(C)n2)ccc1N4CCCC4,0.3050847457627119,0.8753386,0.8424116,0.8432988,1.0,1.0,0.81,0.13909091,365.525,1,"InChI=1S/C21H29N5/c1-17-16-20(26-14-4-2-3-5-15-26)24-21(22-17)23-18-8-10-19(11-9-18)25-12-6-7-13-25/h8-11,16H,2-7,12-15H2,1H3,(H,22,23,24)","InChI=1S/C22H31N5/c1-18-17-21(27-15-5-2-3-6-16-27)25-22(23-18)24-19-9-11-20(12-10-19)26-13-7-4-8-14-26/h9-12,17H,2-8,13-16H2,1H3,(H,23,24,25)"
MCULE-3248095918,https://mcule.com/MCULE-3248095918/,,C1=C(C)N=C(NC2=CC=C(C=C2)N2CCCCC2)N=C1N1CCCCC1,c1cc(N=c2[nH]c(N3CCCCC3)cc(C)n2)ccc1N1CCCCC1,0.7134935304990758,0.8753386,0.8424116,0.8432988,1.0,1.0,0.81,0.13909091,351.498,1,"InChI=1S/C21H29N5/c1-17-16-20(26-14-6-3-7-15-26)24-21(22-17)23-18-8-10-19(11-9-18)25-12-4-2-5-13-25/h8-11,16H,2-7,12-15H2,1H3,(H,22,23,24)","InChI=1S/C21H29N5/c1-17-16-20(26-14-6-3-7-15-26)24-21(22-17)23-18-8-10-19(11-9-18)25-12-4-2-5-13-25/h8-11,16H,2-7,12-15H2,1H3,(H,22,23,24)"
ZINC000243339030,ZINC000243339030,2.0,Cc1cc(N2CCCCC2)nc(Nc3ccc(N4CCCCC4)cc3)n1,c1cc(N=c2[nH]c(N3CCCCC3)cc(C)n2)ccc1N4CCCCC4,0.3050847457627119,0.8753386,0.8424116,0.8432988,1.0,1.0,0.81,0.13909091,351.498,1,"InChI=1S/C21H29N5/c1-17-16-20(26-14-6-3-7-15-26)24-21(22-17)23-18-8-10-19(11-9-18)25-12-4-2-5-13-25/h8-11,16H,2-7,12-15H2,1H3,(H,22,23,24)","InChI=1S/C21H29N5/c1-17-16-20(26-14-6-3-7-15-26)24-21(22-17)23-18-8-10-19(11-9-18)25-12-4-2-5-13-25/h8-11,16H,2-7,12-15H2,1H3,(H,22,23,24)"
MCULE-6143530709,https://mcule.com/MCULE-6143530709/,,C1=C(C)N=C(NC2=CC=C(C=C2)N2CCC(C)CC2)N=C1N1CCCCC1,c1cc(N=c2[nH]c(N3CCCCC3)cc(C)n2)ccc1N1CCCCC1,0.703971119133574,0.86496264,0.8424116,0.79924,1.0,1.0,0.81,0.15,365.525,1,"InChI=1S/C21H29N5/c1-17-16-20(26-14-6-3-7-15-26)24-21(22-17)23-18-8-10-19(11-9-18)25-12-4-2-5-13-25/h8-11,16H,2-7,12-15H2,1H3,(H,22,23,24)","InChI=1S/C22H31N5/c1-17-10-14-26(15-11-17)20-8-6-19(7-9-20)24-22-23-18(2)16-21(25-22)27-12-4-3-5-13-27/h6-9,16-17H,3-5,10-15H2,1-2H3,(H,23,24,25)"
MCULE-6912458944,https://mcule.com/MCULE-6912458944/,,C1=C(C)N=C(NC2=CC=C(C=C2)N2CCCCC2)N=C1N1CCC(CC1)C,c1cc(N=c2[nH]c(N3CCCCC3)cc(C)n2)ccc1N1CCCCC1,0.7027027027027027,0.86496264,0.8424116,0.79924,1.0,1.0,0.81,0.15,365.525,1,"InChI=1S/C21H29N5/c1-17-16-20(26-14-6-3-7-15-26)24-21(22-17)23-18-8-10-19(11-9-18)25-12-4-2-5-13-25/h8-11,16H,2-7,12-15H2,1H3,(H,22,23,24)","InChI=1S/C22H31N5/c1-17-10-14-27(15-11-17)21-16-18(2)23-22(25-21)24-19-6-8-20(9-7-19)26-12-4-3-5-13-26/h6-9,16-17H,3-5,10-15H2,1-2H3,(H,23,24,25)"
MCULE-8811163919,https://mcule.com/MCULE-8811163919/,,C1=C(C)N=C(NC2=CC=C(C=C2)N2CCCCC2)N=C1N1CCCCCC1,c1cc(N=c2[nH]c(N3CCCCC3)cc(C)n2)ccc1N1CCCCC1,0.7005444646098004,0.8753386,0.8424116,0.8432988,1.0,1.0,0.81,0.13909091,365.525,1,"InChI=1S/C21H29N5/c1-17-16-20(26-14-6-3-7-15-26)24-21(22-17)23-18-8-10-19(11-9-18)25-12-4-2-5-13-25/h8-11,16H,2-7,12-15H2,1H3,(H,22,23,24)","InChI=1S/C22H31N5/c1-18-17-21(27-15-5-2-3-6-16-27)25-22(23-18)24-19-9-11-20(12-10-19)26-13-7-4-8-14-26/h9-12,17H,2-8,13-16H2,1H3,(H,23,24,25)"
MCULE-2455836955,https://mcule.com/MCULE-2455836955/,,S(=O)(=O)(C1=CC=CC(F)=C1)NC1C=CC(=CC=1)NC1=NC(C)=CC(N2CCOCC2)=N1,c1ccc(N=c2[nH]c(N3CCOCCC3)cc(C)n2)cc1NS(=O)(c1ccc(F)cc1)=O,0.7031900138696255,0.96986,0.9479086,0.99603474,1.0,1.0,1.0,0.0,443.504,1,"InChI=1S/C22H24FN5O3S/c1-16-14-21(28-10-3-12-31-13-11-28)26-22(24-16)25-18-4-2-5-19(15-18)27-32(29,30)20-8-6-17(23)7-9-20/h2,4-9,14-15,27H,3,10-13H2,1H3,(H,24,25,26)","InChI=1S/C21H22FN5O3S/c1-15-13-20(27-9-11-30-12-10-27)25-21(23-15)24-17-5-7-18(8-6-17)26-31(28,29)19-4-2-3-16(22)14-19/h2-8,13-14,26H,9-12H2,1H3,(H,23,24,25)"
MCULE-8388595355,https://mcule.com/MCULE-8388595355/,,S(=O)(=O)(C1C=CC(=CC=1)F)NC1=CC=C(C=C1)NC1=NC(C)=CC(N2CCOCC2)=N1,c1ccc(N=c2[nH]c(N3CCOCCC3)cc(C)n2)cc1NS(=O)(c1ccc(F)cc1)=O,0.7274011299435028,0.8478343,0.85878396,0.6961288,1.0,1.0,0.83,0.17,443.504,1,"InChI=1S/C22H24FN5O3S/c1-16-14-21(28-10-3-12-31-13-11-28)26-22(24-16)25-18-4-2-5-19(15-18)27-32(29,30)20-8-6-17(23)7-9-20/h2,4-9,14-15,27H,3,10-13H2,1H3,(H,24,25,26)","InChI=1S/C21H22FN5O3S/c1-15-14-20(27-10-12-30-13-11-27)25-21(23-15)24-17-4-6-18(7-5-17)26-31(28,29)19-8-2-16(22)3-9-19/h2-9,14,26H,10-13H2,1H3,(H,23,24,25)"
MCULE-6897749138,https://mcule.com/MCULE-6897749138/,,S(C1C=CC=CC=1)(=O)(=O)NC1=CC=C(C=C1)NC1=NC(C)=CC(N2CCOCC2)=N1,c1ccc(N=c2[nH]c(N3CCOCCC3)cc(C)n2)cc1NS(=O)(c1ccc(F)cc1)=O,0.7005649717514124,0.96986,0.9479086,0.99603474,1.0,1.0,1.0,0.0,425.514,1,"InChI=1S/C22H24FN5O3S/c1-16-14-21(28-10-3-12-31-13-11-28)26-22(24-16)25-18-4-2-5-19(15-18)27-32(29,30)20-8-6-17(23)7-9-20/h2,4-9,14-15,27H,3,10-13H2,1H3,(H,24,25,26)","InChI=1S/C21H23N5O3S/c1-16-15-20(26-11-13-29-14-12-26)24-21(22-16)23-17-7-9-18(10-8-17)25-30(27,28)19-5-3-2-4-6-19/h2-10,15,25H,11-14H2,1H3,(H,22,23,24)"
MCULE-6897749138,https://mcule.com/MCULE-6897749138/,,S(C1C=CC=CC=1)(=O)(=O)NC1=CC=C(C=C1)NC1=NC(C)=CC(N2CCOCC2)=N1,c1ccc(N=c2[nH]c(N3CCOCCC3)cc(C)n2)cc1NS(=O)(=O)c1ccccc1,0.7130434782608696,0.96986,0.9479086,0.99603474,1.0,1.0,1.0,0.0,425.514,1,"InChI=1S/C22H25N5O3S/c1-17-15-21(27-11-6-13-30-14-12-27)25-22(23-17)24-18-7-5-8-19(16-18)26-31(28,29)20-9-3-2-4-10-20/h2-5,7-10,15-16,26H,6,11-14H2,1H3,(H,23,24,25)","InChI=1S/C21H23N5O3S/c1-16-15-20(26-11-13-29-14-12-26)24-21(22-16)23-17-7-9-18(10-8-17)25-30(27,28)19-5-3-2-4-6-19/h2-10,15,25H,11-14H2,1H3,(H,22,23,24)"
MCULE-1508380250,https://mcule.com/MCULE-1508380250/,,S(=O)(=O)(C1C=CC(=CC=1)C)NC1C=CC(=CC=1)NC1=NC(C)=CC(N2CCOCC2)=N1,c1ccc(N=c2[nH]c(N3CCOCCC3)cc(C)n2)cc1NS(=O)(=O)c1ccccc1,0.7063829787234043,0.833965,0.83366245,0.6961288,1.0,1.0,0.8,0.17,439.541,1,"InChI=1S/C22H25N5O3S/c1-17-15-21(27-11-6-13-30-14-12-27)25-22(23-17)24-18-7-5-8-19(16-18)26-31(28,29)20-9-3-2-4-10-20/h2-5,7-10,15-16,26H,6,11-14H2,1H3,(H,23,24,25)","InChI=1S/C22H25N5O3S/c1-16-3-9-20(10-4-16)31(28,29)26-19-7-5-18(6-8-19)24-22-23-17(2)15-21(25-22)27-11-13-30-14-12-27/h3-10,15,26H,11-14H2,1-2H3,(H,23,24,25)"
MCULE-9239648684,https://mcule.com/MCULE-9239648684/,,S(=O)(=O)(C1=CC=CC(C)=C1)NC1=CC=C(C=C1)NC1=NC(C)=CC(N2CCOCC2)=N1,c1ccc(N=c2[nH]c(N3CCOCCC3)cc(C)n2)cc1NS(=O)(=O)c1ccccc1,0.7023977433004231,0.8306188,0.85878396,0.63474333,1.0,1.0,0.83,0.18,439.541,1,"InChI=1S/C22H25N5O3S/c1-17-15-21(27-11-6-13-30-14-12-27)25-22(23-17)24-18-7-5-8-19(16-18)26-31(28,29)20-9-3-2-4-10-20/h2-5,7-10,15-16,26H,6,11-14H2,1H3,(H,23,24,25)","InChI=1S/C22H25N5O3S/c1-16-4-3-5-20(14-16)31(28,29)26-19-8-6-18(7-9-19)24-22-23-17(2)15-21(25-22)27-10-12-30-13-11-27/h3-9,14-15,26H,10-13H2,1-2H3,(H,23,24,25)"
MCULE-5816683920,https://mcule.com/MCULE-5816683920/,,S(=O)(=O)(C1C=CC(=CC=1)CC)NC1C=CC(=CC=1)NC1=NC(C)=CC(N2CCOCC2)=N1,c1ccc(N=c2[nH]c(N3CCOCCC3)cc(C)n2)cc1NS(=O)(=O)c1ccccc1,0.7066290550070522,0.88396764,0.85878396,0.8399507,1.0,1.0,0.83,0.14,453.568,1,"InChI=1S/C22H25N5O3S/c1-17-15-21(27-11-6-13-30-14-12-27)25-22(23-17)24-18-7-5-8-19(16-18)26-31(28,29)20-9-3-2-4-10-20/h2-5,7-10,15-16,26H,6,11-14H2,1H3,(H,23,24,25)","InChI=1S/C23H27N5O3S/c1-3-18-4-10-21(11-5-18)32(29,30)27-20-8-6-19(7-9-20)25-23-24-17(2)16-22(26-23)28-12-14-31-15-13-28/h4-11,16,27H,3,12-15H2,1-2H3,(H,24,25,26)"
MCULE-6767457754,https://mcule.com/MCULE-6767457754/,,N1=C(C=C(N=C1NC1C=CC(=CC=1)NC(C1CCCC1)=O)C)N1CCOCC1,N(c1ccc(NC(CC2CCCC2)=O)cc1)=c1[nH]c(N2CCOCC2)cc(C)n1,0.7098360655737705,0.92455214,0.9052126,0.9011868,1.0,1.0,0.9,0.12,381.48,1,"InChI=1S/C22H29N5O2/c1-16-14-20(27-10-12-29-13-11-27)26-22(23-16)25-19-8-6-18(7-9-19)24-21(28)15-17-4-2-3-5-17/h6-9,14,17H,2-5,10-13,15H2,1H3,(H,24,28)(H,23,25,26)","InChI=1S/C21H27N5O2/c1-15-14-19(26-10-12-28-13-11-26)25-21(22-15)24-18-8-6-17(7-9-18)23-20(27)16-4-2-3-5-16/h6-9,14,16H,2-5,10-13H2,1H3,(H,23,27)(H,22,24,25)"
ZINC000023993912,ZINC000023993912,3.0,Cc1cc(N2CCOCC2)nc(Nc3ccc(NC(=O)C4CCCC4)cc3)n1,N(c1ccc(NC(CC2CCCC2)=O)cc1)=c3[nH]c(N4CCOCC4)cc(C)n3,0.116504854368932,0.92455214,0.9052126,0.9011868,1.0,1.0,0.9,0.12,381.48,1,"InChI=1S/C22H29N5O2/c1-16-14-20(27-10-12-29-13-11-27)26-22(23-16)25-19-8-6-18(7-9-19)24-21(28)15-17-4-2-3-5-17/h6-9,14,17H,2-5,10-13,15H2,1H3,(H,24,28)(H,23,25,26)","InChI=1S/C21H27N5O2/c1-15-14-19(26-10-12-28-13-11-26)25-21(22-15)24-18-8-6-17(7-9-18)23-20(27)16-4-2-3-5-16/h6-9,14,16H,2-5,10-13H2,1H3,(H,23,27)(H,22,24,25)"
ZINC000017013035,ZINC000017013035,3.0,Cc1cc(N2CCCC2)nc(Nc3ccc(NC(=O)CC4CCCC4)cc3)n1,N(c1ccc(NC(CC2CCCC2)=O)cc1)=c3[nH]c(N4CCOCC4)cc(C)n3,0.1067961165048543,0.96986,0.9479086,0.99603474,1.0,1.0,1.0,0.0,379.508,1,"InChI=1S/C22H29N5O2/c1-16-14-20(27-10-12-29-13-11-27)26-22(23-16)25-19-8-6-18(7-9-19)24-21(28)15-17-4-2-3-5-17/h6-9,14,17H,2-5,10-13,15H2,1H3,(H,24,28)(H,23,25,26)","InChI=1S/C22H29N5O/c1-16-14-20(27-12-4-5-13-27)26-22(23-16)25-19-10-8-18(9-11-19)24-21(28)15-17-6-2-3-7-17/h8-11,14,17H,2-7,12-13,15H2,1H3,(H,24,28)(H,23,25,26)"
MCULE-1493650762,https://mcule.com/MCULE-1493650762/,,N1=C(C=C(N=C1NC1=CC=C(C=C1)NC(CC1CCCC1)=O)C)N1CCOCC1,N(c1ccc(NC(CC2CCCC2)=O)cc1)=c1[nH]c(N2CCOCC2)cc(C)n1,0.7576271186440678,0.9109629,0.8664234,0.94064903,1.0,1.0,0.84,0.1,395.507,1,"InChI=1S/C22H29N5O2/c1-16-14-20(27-10-12-29-13-11-27)26-22(23-16)25-19-8-6-18(7-9-19)24-21(28)15-17-4-2-3-5-17/h6-9,14,17H,2-5,10-13,15H2,1H3,(H,24,28)(H,23,25,26)","InChI=1S/C22H29N5O2/c1-16-14-20(27-10-12-29-13-11-27)26-22(23-16)25-19-8-6-18(7-9-19)24-21(28)15-17-4-2-3-5-17/h6-9,14,17H,2-5,10-13,15H2,1H3,(H,24,28)(H,23,25,26)"
ZINC000033078158,ZINC000033078158,2.0,Cc1cc(N2CCOCC2)nc(Nc3ccc(NC(=O)CC4CCCC4)cc3)n1,N(c1ccc(NC(CC2CCCC2)=O)cc1)=c3[nH]c(N4CCOCC4)cc(C)n3,0.1142857142857142,0.9109629,0.8664234,0.94064903,1.0,1.0,0.84,0.1,395.507,1,"InChI=1S/C22H29N5O2/c1-16-14-20(27-10-12-29-13-11-27)26-22(23-16)25-19-8-6-18(7-9-19)24-21(28)15-17-4-2-3-5-17/h6-9,14,17H,2-5,10-13,15H2,1H3,(H,24,28)(H,23,25,26)","InChI=1S/C22H29N5O2/c1-16-14-20(27-10-12-29-13-11-27)26-22(23-16)25-19-8-6-18(7-9-19)24-21(28)15-17-4-2-3-5-17/h6-9,14,17H,2-5,10-13,15H2,1H3,(H,24,28)(H,23,25,26)"
MCULE-7419739310,https://mcule.com/MCULE-7419739310/,,N1=C(C=C(N=C1NC1C=CC(=CC=1)NC(C1CCCCC1)=O)C)N1CCOCC1,N(c1ccc(NC(CC2CCCC2)=O)cc1)=c1[nH]c(N2CCOCC2)cc(C)n1,0.7166123778501629,0.96986,0.9479086,0.99603474,1.0,1.0,1.0,0.0,395.507,1,"InChI=1S/C22H29N5O2/c1-16-14-20(27-10-12-29-13-11-27)26-22(23-16)25-19-8-6-18(7-9-19)24-21(28)15-17-4-2-3-5-17/h6-9,14,17H,2-5,10-13,15H2,1H3,(H,24,28)(H,23,25,26)","InChI=1S/C22H29N5O2/c1-16-15-20(27-11-13-29-14-12-27)26-22(23-16)25-19-9-7-18(8-10-19)24-21(28)17-5-3-2-4-6-17/h7-10,15,17H,2-6,11-14H2,1H3,(H,24,28)(H,23,25,26)"
ZINC000017013037,ZINC000017013037,3.0,Cc1cc(N2CCCCC2)nc(Nc3ccc(NC(=O)CC4CCCC4)cc3)n1,N(c1ccc(NC(CC2CCCC2)=O)cc1)=c3[nH]c(N4CCOCC4)cc(C)n3,0.1057692307692307,0.86496264,0.8424116,0.79924,1.0,1.0,0.81,0.15,393.535,1,"InChI=1S/C22H29N5O2/c1-16-14-20(27-10-12-29-13-11-27)26-22(23-16)25-19-8-6-18(7-9-19)24-21(28)15-17-4-2-3-5-17/h6-9,14,17H,2-5,10-13,15H2,1H3,(H,24,28)(H,23,25,26)","InChI=1S/C23H31N5O/c1-17-15-21(28-13-5-2-6-14-28)27-23(24-17)26-20-11-9-19(10-12-20)25-22(29)16-18-7-3-4-8-18/h9-12,15,18H,2-8,13-14,16H2,1H3,(H,25,29)(H,24,26,27)"
MCULE-6767457754,https://mcule.com/MCULE-6767457754/,,N1=C(C=C(N=C1NC1C=CC(=CC=1)NC(C1CCCC1)=O)C)N1CCOCC1,N(c1ccc(NC(=O)C2CCCCC2)cc1)=c1[nH]c(N2CCOCC2)cc(C)n1,0.7364085667215815,0.92455214,0.9052126,0.9011868,1.0,1.0,0.9,0.12,381.48,1,"InChI=1S/C22H29N5O2/c1-16-15-20(27-11-13-29-14-12-27)26-22(23-16)25-19-9-7-18(8-10-19)24-21(28)17-5-3-2-4-6-17/h7-10,15,17H,2-6,11-14H2,1H3,(H,24,28)(H,23,25,26)","InChI=1S/C21H27N5O2/c1-15-14-19(26-10-12-28-13-11-26)25-21(22-15)24-18-8-6-17(7-9-18)23-20(27)16-4-2-3-5-16/h6-9,14,16H,2-5,10-13H2,1H3,(H,23,27)(H,22,24,25)"
MCULE-1493650762,https://mcule.com/MCULE-1493650762/,,N1=C(C=C(N=C1NC1=CC=C(C=C1)NC(CC1CCCC1)=O)C)N1CCOCC1,N(c1ccc(NC(=O)C2CCCCC2)cc1)=c1[nH]c(N2CCOCC2)cc(C)n1,0.7068403908794788,0.9109629,0.8664234,0.94064903,1.0,1.0,0.84,0.1,395.507,1,"InChI=1S/C22H29N5O2/c1-16-15-20(27-11-13-29-14-12-27)26-22(23-16)25-19-9-7-18(8-10-19)24-21(28)17-5-3-2-4-6-17/h7-10,15,17H,2-6,11-14H2,1H3,(H,24,28)(H,23,25,26)","InChI=1S/C22H29N5O2/c1-16-14-20(27-10-12-29-13-11-27)26-22(23-16)25-19-8-6-18(7-9-19)24-21(28)15-17-4-2-3-5-17/h6-9,14,17H,2-5,10-13,15H2,1H3,(H,24,28)(H,23,25,26)"
MCULE-7419739310,https://mcule.com/MCULE-7419739310/,,N1=C(C=C(N=C1NC1C=CC(=CC=1)NC(C1CCCCC1)=O)C)N1CCOCC1,N(c1ccc(NC(=O)C2CCCCC2)cc1)=c1[nH]c(N2CCOCC2)cc(C)n1,0.7632450331125827,0.96986,0.9479086,0.99603474,1.0,1.0,1.0,0.0,395.507,1,"InChI=1S/C22H29N5O2/c1-16-15-20(27-11-13-29-14-12-27)26-22(23-16)25-19-9-7-18(8-10-19)24-21(28)17-5-3-2-4-6-17/h7-10,15,17H,2-6,11-14H2,1H3,(H,24,28)(H,23,25,26)","InChI=1S/C22H29N5O2/c1-16-15-20(27-11-13-29-14-12-27)26-22(23-16)25-19-9-7-18(8-10-19)24-21(28)17-5-3-2-4-6-17/h7-10,15,17H,2-6,11-14H2,1H3,(H,24,28)(H,23,25,26)"
ZINC000033078157,ZINC000033078157,2.0,Cc1cc(N2CCOCC2)nc(Nc3ccc(NC(=O)C4CCCCC4)cc3)n1,N(c1ccc(NC(=O)C2CCCCC2)cc1)=c3[nH]c(N4CCOCC4)cc(C)n3,0.4444444444444444,0.96986,0.9479086,0.99603474,1.0,1.0,1.0,0.0,395.507,1,"InChI=1S/C22H29N5O2/c1-16-15-20(27-11-13-29-14-12-27)26-22(23-16)25-19-9-7-18(8-10-19)24-21(28)17-5-3-2-4-6-17/h7-10,15,17H,2-6,11-14H2,1H3,(H,24,28)(H,23,25,26)","InChI=1S/C22H29N5O2/c1-16-15-20(27-11-13-29-14-12-27)26-22(23-16)25-19-9-7-18(8-10-19)24-21(28)17-5-3-2-4-6-17/h7-10,15,17H,2-6,11-14H2,1H3,(H,24,28)(H,23,25,26)"
ZINC000243074941,ZINC000243074941,5.0,Cc1cc(N2CCCCCC2)nc(Nc3ccc(N4CCCCC4)cc3)n1,c1c(N=c2[nH]c(N3CCCCCC3)cc(C)n2)ccc(C(=O)N4CCOCC4)c1,0.1643835616438356,0.8753386,0.8424116,0.8432988,1.0,1.0,0.81,0.13909091,365.525,1,"InChI=1S/C22H29N5O2/c1-17-16-20(26-10-4-2-3-5-11-26)25-22(23-17)24-19-8-6-18(7-9-19)21(28)27-12-14-29-15-13-27/h6-9,16H,2-5,10-15H2,1H3,(H,23,24,25)","InChI=1S/C22H31N5/c1-18-17-21(27-15-5-2-3-6-16-27)25-22(23-18)24-19-9-11-20(12-10-19)26-13-7-4-8-14-26/h9-12,17H,2-8,13-16H2,1H3,(H,23,24,25)"
MCULE-7455265610,https://mcule.com/MCULE-7455265610/,,C1=C(C)N=C(NC2=CC=C(C=C2)N2CCCC2)N=C1N1CCCCCC1,c1cc(N=c2[nH]c(N3CCCCCC3)cc(C)n2)ccc1N1CCCCC1,0.7083333333333334,0.8753386,0.8424116,0.8432988,1.0,1.0,0.81,0.13909091,351.498,1,"InChI=1S/C22H31N5/c1-18-17-21(27-15-5-2-3-6-16-27)25-22(23-18)24-19-9-11-20(12-10-19)26-13-7-4-8-14-26/h9-12,17H,2-8,13-16H2,1H3,(H,23,24,25)","InChI=1S/C21H29N5/c1-17-16-20(26-14-4-2-3-5-15-26)24-21(22-17)23-18-8-10-19(11-9-18)25-12-6-7-13-25/h8-11,16H,2-7,12-15H2,1H3,(H,22,23,24)"
ZINC000243095537,ZINC000243095537,3.0,Cc1cc(N2CCCCCC2)nc(Nc3ccc(N4CCCC4)cc3)n1,c1cc(N=c2[nH]c(N3CCCCCC3)cc(C)n2)ccc1N4CCCCC4,0.3050847457627119,0.8753386,0.8424116,0.8432988,1.0,1.0,0.81,0.13909091,351.498,1,"InChI=1S/C22H31N5/c1-18-17-21(27-15-5-2-3-6-16-27)25-22(23-18)24-19-9-11-20(12-10-19)26-13-7-4-8-14-26/h9-12,17H,2-8,13-16H2,1H3,(H,23,24,25)","InChI=1S/C21H29N5/c1-17-16-20(26-14-4-2-3-5-15-26)24-21(22-17)23-18-8-10-19(11-9-18)25-12-6-7-13-25/h8-11,16H,2-7,12-15H2,1H3,(H,22,23,24)"
ZINC000243339030,ZINC000243339030,3.0,Cc1cc(N2CCCCC2)nc(Nc3ccc(N4CCCCC4)cc3)n1,c1cc(N=c2[nH]c(N3CCCCCC3)cc(C)n2)ccc1N4CCCCC4,0.3050847457627119,0.8753386,0.8424116,0.8432988,1.0,1.0,0.81,0.13909091,351.498,1,"InChI=1S/C22H31N5/c1-18-17-21(27-15-5-2-3-6-16-27)25-22(23-18)24-19-9-11-20(12-10-19)26-13-7-4-8-14-26/h9-12,17H,2-8,13-16H2,1H3,(H,23,24,25)","InChI=1S/C21H29N5/c1-17-16-20(26-14-6-3-7-15-26)24-21(22-17)23-18-8-10-19(11-9-18)25-12-4-2-5-13-25/h8-11,16H,2-7,12-15H2,1H3,(H,22,23,24)"
MCULE-8811163919,https://mcule.com/MCULE-8811163919/,,C1=C(C)N=C(NC2=CC=C(C=C2)N2CCCCC2)N=C1N1CCCCCC1,c1cc(N=c2[nH]c(N3CCCCCC3)cc(C)n2)ccc1N1CCCCC1,0.72,0.8753386,0.8424116,0.8432988,1.0,1.0,0.81,0.13909091,365.525,1,"InChI=1S/C22H31N5/c1-18-17-21(27-15-5-2-3-6-16-27)25-22(23-18)24-19-9-11-20(12-10-19)26-13-7-4-8-14-26/h9-12,17H,2-8,13-16H2,1H3,(H,23,24,25)","InChI=1S/C22H31N5/c1-18-17-21(27-15-5-2-3-6-16-27)25-22(23-18)24-19-9-11-20(12-10-19)26-13-7-4-8-14-26/h9-12,17H,2-8,13-16H2,1H3,(H,23,24,25)"
ZINC000243074941,ZINC000243074941,2.0,Cc1cc(N2CCCCCC2)nc(Nc3ccc(N4CCCCC4)cc3)n1,c1cc(N=c2[nH]c(N3CCCCCC3)cc(C)n2)ccc1N4CCCCC4,0.3050847457627119,0.8753386,0.8424116,0.8432988,1.0,1.0,0.81,0.13909091,365.525,1,"InChI=1S/C22H31N5/c1-18-17-21(27-15-5-2-3-6-16-27)25-22(23-18)24-19-9-11-20(12-10-19)26-13-7-4-8-14-26/h9-12,17H,2-8,13-16H2,1H3,(H,23,24,25)","InChI=1S/C22H31N5/c1-18-17-21(27-15-5-2-3-6-16-27)25-22(23-18)24-19-9-11-20(12-10-19)26-13-7-4-8-14-26/h9-12,17H,2-8,13-16H2,1H3,(H,23,24,25)"
MCULE-5564915893,https://mcule.com/MCULE-5564915893/,,C1=C(C)N=C(NC2=CC=C(C=C2)N2CCC(C)CC2)N=C1N1CCCCCC1,c1cc(N=c2[nH]c(N3CCCCCC3)cc(C)n2)ccc1N1CCCCC1,0.7130124777183601,0.86496264,0.8424116,0.79924,1.0,1.0,0.81,0.15,379.552,1,"InChI=1S/C22H31N5/c1-18-17-21(27-15-5-2-3-6-16-27)25-22(23-18)24-19-9-11-20(12-10-19)26-13-7-4-8-14-26/h9-12,17H,2-8,13-16H2,1H3,(H,23,24,25)","InChI=1S/C23H33N5/c1-18-11-15-27(16-12-18)21-9-7-20(8-10-21)25-23-24-19(2)17-22(26-23)28-13-5-3-4-6-14-28/h7-10,17-18H,3-6,11-16H2,1-2H3,(H,24,25,26)"
ZINC000243959150,ZINC000243959150,3.0,Cc1cc(N2CCCCCC2)nc(Nc3ccc(N4CCC(C)CC4)cc3)n1,c1cc(N=c2[nH]c(N3CCCCCC3)cc(C)n2)ccc1N4CCCCC4,0.2686567164179104,0.86496264,0.8424116,0.79924,1.0,1.0,0.81,0.15,379.552,1,"InChI=1S/C22H31N5/c1-18-17-21(27-15-5-2-3-6-16-27)25-22(23-18)24-19-9-11-20(12-10-19)26-13-7-4-8-14-26/h9-12,17H,2-8,13-16H2,1H3,(H,23,24,25)","InChI=1S/C23H33N5/c1-18-11-15-27(16-12-18)21-9-7-20(8-10-21)25-23-24-19(2)17-22(26-23)28-13-5-3-4-6-14-28/h7-10,17-18H,3-6,11-16H2,1-2H3,(H,24,25,26)"
MCULE-8278623228,https://mcule.com/MCULE-8278623228/,,N1=C(C=C(N=C1NC1=CC=C(C=C1)NC(C1=CC=CC=C1)=O)C)N1CCCCC1,c1cc(N=c2[nH]c(N3CCCCC3)cc(C)n2)ccc1NC(=O)c1ccccc1,0.7444253859348199,0.96986,0.9479086,0.99603474,1.0,1.0,1.0,0.0,387.487,1,"InChI=1S/C23H25N5O/c1-17-16-21(28-14-6-3-7-15-28)27-23(24-17)26-20-12-10-19(11-13-20)25-22(29)18-8-4-2-5-9-18/h2,4-5,8-13,16H,3,6-7,14-15H2,1H3,(H,25,29)(H,24,26,27)","InChI=1S/C23H25N5O/c1-17-16-21(28-14-6-3-7-15-28)27-23(24-17)26-20-12-10-19(11-13-20)25-22(29)18-8-4-2-5-9-18/h2,4-5,8-13,16H,3,6-7,14-15H2,1H3,(H,25,29)(H,24,26,27)"
ZINC000017013516,ZINC000017013516,2.0,Cc1cc(N2CCCCC2)nc(Nc3ccc(NC(=O)c4ccccc4)cc3)n1,c1cc(N=c2[nH]c(N3CCCCC3)cc(C)n2)ccc1NC(=O)c4ccccc4,0.4264705882352941,0.96986,0.9479086,0.99603474,1.0,1.0,1.0,0.0,387.487,1,"InChI=1S/C23H25N5O/c1-17-16-21(28-14-6-3-7-15-28)27-23(24-17)26-20-12-10-19(11-13-20)25-22(29)18-8-4-2-5-9-18/h2,4-5,8-13,16H,3,6-7,14-15H2,1H3,(H,25,29)(H,24,26,27)","InChI=1S/C23H25N5O/c1-17-16-21(28-14-6-3-7-15-28)27-23(24-17)26-20-12-10-19(11-13-20)25-22(29)18-8-4-2-5-9-18/h2,4-5,8-13,16H,3,6-7,14-15H2,1H3,(H,25,29)(H,24,26,27)"
MCULE-1329927232,https://mcule.com/MCULE-1329927232/,,N1=C(C=C(N=C1NC1C=CC(=CC=1)NC(=O)C1C=CC(=CC=1)C)C)N1CCCCC1,c1cc(N=c2[nH]c(N3CCCCC3)cc(C)n2)ccc1NC(=O)c1ccccc1,0.725,0.96986,0.9479086,0.99603474,1.0,1.0,1.0,0.0,401.514,1,"InChI=1S/C23H25N5O/c1-17-16-21(28-14-6-3-7-15-28)27-23(24-17)26-20-12-10-19(11-13-20)25-22(29)18-8-4-2-5-9-18/h2,4-5,8-13,16H,3,6-7,14-15H2,1H3,(H,25,29)(H,24,26,27)","InChI=1S/C24H27N5O/c1-17-6-8-19(9-7-17)23(30)26-20-10-12-21(13-11-20)27-24-25-18(2)16-22(28-24)29-14-4-3-5-15-29/h6-13,16H,3-5,14-15H2,1-2H3,(H,26,30)(H,25,27,28)"
ZINC000009573351,ZINC000009573351,3.0,Cc1ccc(C(=O)Nc2ccc(Nc3nc(C)cc(N4CCCCC4)n3)cc2)cc1,c1cc(N=c2[nH]c(N3CCCCC3)cc(C)n2)ccc1NC(=O)c4ccccc4,0.3561643835616438,0.96986,0.9479086,0.99603474,1.0,1.0,1.0,0.0,401.514,1,"InChI=1S/C23H25N5O/c1-17-16-21(28-14-6-3-7-15-28)27-23(24-17)26-20-12-10-19(11-13-20)25-22(29)18-8-4-2-5-9-18/h2,4-5,8-13,16H,3,6-7,14-15H2,1H3,(H,25,29)(H,24,26,27)","InChI=1S/C24H27N5O/c1-17-6-8-19(9-7-17)23(30)26-20-10-12-21(13-11-20)27-24-25-18(2)16-22(28-24)29-14-4-3-5-15-29/h6-13,16H,3-5,14-15H2,1-2H3,(H,26,30)(H,25,27,28)"
MCULE-8388595355,https://mcule.com/MCULE-8388595355/,,S(=O)(=O)(C1C=CC(=CC=1)F)NC1=CC=C(C=C1)NC1=NC(C)=CC(N2CCOCC2)=N1,c1(N=c2[nH]c(N3CCOCCC3)cc(C)n2)cc(C)c(NS(=O)(c2ccc(F)cc2)=O)cc1,0.7090163934426229,0.8478343,0.85878396,0.6961288,1.0,1.0,0.83,0.17,443.504,1,"InChI=1S/C23H26FN5O3S/c1-16-14-19(6-9-21(16)28-33(30,31)20-7-4-18(24)5-8-20)26-23-25-17(2)15-22(27-23)29-10-3-12-32-13-11-29/h4-9,14-15,28H,3,10-13H2,1-2H3,(H,25,26,27)","InChI=1S/C21H22FN5O3S/c1-15-14-20(27-10-12-30-13-11-27)25-21(23-15)24-17-4-6-18(7-5-17)26-31(28,29)19-8-2-16(22)3-9-19/h2-9,14,26H,10-13H2,1H3,(H,23,24,25)"
MCULE-6897749138,https://mcule.com/MCULE-6897749138/,,S(C1C=CC=CC=1)(=O)(=O)NC1=CC=C(C=C1)NC1=NC(C)=CC(N2CCOCC2)=N1,c1(N=c2[nH]c(N3CCOCC3)cc(C)n2)cc(C)c(NS(=O)(=O)c2ccc(C)cc2)cc1,0.7128712871287128,0.96986,0.9479086,0.99603474,1.0,1.0,1.0,0.0,425.514,1,"InChI=1S/C23H27N5O3S/c1-16-4-7-20(8-5-16)32(29,30)27-21-9-6-19(14-17(21)2)25-23-24-18(3)15-22(26-23)28-10-12-31-13-11-28/h4-9,14-15,27H,10-13H2,1-3H3,(H,24,25,26)","InChI=1S/C21H23N5O3S/c1-16-15-20(26-11-13-29-14-12-26)24-21(22-16)23-17-7-9-18(10-8-17)25-30(27,28)19-5-3-2-4-6-19/h2-10,15,25H,11-14H2,1H3,(H,22,23,24)"
MCULE-6897749138,https://mcule.com/MCULE-6897749138/,,S(C1C=CC=CC=1)(=O)(=O)NC1=CC=C(C=C1)NC1=NC(C)=CC(N2CCOCC2)=N1,c1(N=c2[nH]c(N3CCOCC3)cc(C)n2)cc(C)c(NS(=O)(c2ccc(C)cc2)=O)cc1,0.7128712871287128,0.96986,0.9479086,0.99603474,1.0,1.0,1.0,0.0,425.514,1,"InChI=1S/C23H27N5O3S/c1-16-4-7-20(8-5-16)32(29,30)27-21-9-6-19(14-17(21)2)25-23-24-18(3)15-22(26-23)28-10-12-31-13-11-28/h4-9,14-15,27H,10-13H2,1-3H3,(H,24,25,26)","InChI=1S/C21H23N5O3S/c1-16-15-20(26-11-13-29-14-12-26)24-21(22-16)23-17-7-9-18(10-8-17)25-30(27,28)19-5-3-2-4-6-19/h2-10,15,25H,11-14H2,1H3,(H,22,23,24)"
MCULE-1508380250,https://mcule.com/MCULE-1508380250/,,S(=O)(=O)(C1C=CC(=CC=1)C)NC1C=CC(=CC=1)NC1=NC(C)=CC(N2CCOCC2)=N1,c1(N=c2[nH]c(N3CCOCC3)cc(C)n2)cc(C)c(NS(=O)(=O)c2ccc(C)cc2)cc1,0.7425742574257426,0.833965,0.83366245,0.6961288,1.0,1.0,0.8,0.17,439.541,1,"InChI=1S/C23H27N5O3S/c1-16-4-7-20(8-5-16)32(29,30)27-21-9-6-19(14-17(21)2)25-23-24-18(3)15-22(26-23)28-10-12-31-13-11-28/h4-9,14-15,27H,10-13H2,1-3H3,(H,24,25,26)","InChI=1S/C22H25N5O3S/c1-16-3-9-20(10-4-16)31(28,29)26-19-7-5-18(6-8-19)24-22-23-17(2)15-21(25-22)27-11-13-30-14-12-27/h3-10,15,26H,11-14H2,1-2H3,(H,23,24,25)"
MCULE-1508380250,https://mcule.com/MCULE-1508380250/,,S(=O)(=O)(C1C=CC(=CC=1)C)NC1C=CC(=CC=1)NC1=NC(C)=CC(N2CCOCC2)=N1,c1(N=c2[nH]c(N3CCOCC3)cc(C)n2)cc(C)c(NS(=O)(c2ccc(C)cc2)=O)cc1,0.7425742574257426,0.833965,0.83366245,0.6961288,1.0,1.0,0.8,0.17,439.541,1,"InChI=1S/C23H27N5O3S/c1-16-4-7-20(8-5-16)32(29,30)27-21-9-6-19(14-17(21)2)25-23-24-18(3)15-22(26-23)28-10-12-31-13-11-28/h4-9,14-15,27H,10-13H2,1-3H3,(H,24,25,26)","InChI=1S/C22H25N5O3S/c1-16-3-9-20(10-4-16)31(28,29)26-19-7-5-18(6-8-19)24-22-23-17(2)15-21(25-22)27-11-13-30-14-12-27/h3-10,15,26H,11-14H2,1-2H3,(H,23,24,25)"
MCULE-9239648684,https://mcule.com/MCULE-9239648684/,,S(=O)(=O)(C1=CC=CC(C)=C1)NC1=CC=C(C=C1)NC1=NC(C)=CC(N2CCOCC2)=N1,c1(N=c2[nH]c(N3CCOCC3)cc(C)n2)cc(C)c(NS(=O)(=O)c2ccc(C)cc2)cc1,0.7262569832402235,0.8306188,0.85878396,0.63474333,1.0,1.0,0.83,0.18,439.541,1,"InChI=1S/C23H27N5O3S/c1-16-4-7-20(8-5-16)32(29,30)27-21-9-6-19(14-17(21)2)25-23-24-18(3)15-22(26-23)28-10-12-31-13-11-28/h4-9,14-15,27H,10-13H2,1-3H3,(H,24,25,26)","InChI=1S/C22H25N5O3S/c1-16-4-3-5-20(14-16)31(28,29)26-19-8-6-18(7-9-19)24-22-23-17(2)15-21(25-22)27-10-12-30-13-11-27/h3-9,14-15,26H,10-13H2,1-2H3,(H,23,24,25)"
MCULE-9239648684,https://mcule.com/MCULE-9239648684/,,S(=O)(=O)(C1=CC=CC(C)=C1)NC1=CC=C(C=C1)NC1=NC(C)=CC(N2CCOCC2)=N1,c1(N=c2[nH]c(N3CCOCC3)cc(C)n2)cc(C)c(NS(=O)(c2ccc(C)cc2)=O)cc1,0.7262569832402235,0.8306188,0.85878396,0.63474333,1.0,1.0,0.83,0.18,439.541,1,"InChI=1S/C23H27N5O3S/c1-16-4-7-20(8-5-16)32(29,30)27-21-9-6-19(14-17(21)2)25-23-24-18(3)15-22(26-23)28-10-12-31-13-11-28/h4-9,14-15,27H,10-13H2,1-3H3,(H,24,25,26)","InChI=1S/C22H25N5O3S/c1-16-4-3-5-20(14-16)31(28,29)26-19-8-6-18(7-9-19)24-22-23-17(2)15-21(25-22)27-10-12-30-13-11-27/h3-9,14-15,26H,10-13H2,1-2H3,(H,23,24,25)"
MCULE-3972434836,https://mcule.com/MCULE-3972434836/,,S(=O)(=O)(NC1C=CC(=CC=1)NC1=NC(C)=CC(N2CCOCC2)=N1)C1=CC=C(C=C1C)C,c1(N=c2[nH]c(N3CCOCC3)cc(C)n2)cc(C)c(NS(=O)(=O)c2ccc(C)cc2)cc1,0.7297297297297297,0.96986,0.9479086,0.99603474,1.0,1.0,1.0,0.0,453.568,1,"InChI=1S/C23H27N5O3S/c1-16-4-7-20(8-5-16)32(29,30)27-21-9-6-19(14-17(21)2)25-23-24-18(3)15-22(26-23)28-10-12-31-13-11-28/h4-9,14-15,27H,10-13H2,1-3H3,(H,24,25,26)","InChI=1S/C23H27N5O3S/c1-16-4-9-21(17(2)14-16)32(29,30)27-20-7-5-19(6-8-20)25-23-24-18(3)15-22(26-23)28-10-12-31-13-11-28/h4-9,14-15,27H,10-13H2,1-3H3,(H,24,25,26)"
MCULE-3972434836,https://mcule.com/MCULE-3972434836/,,S(=O)(=O)(NC1C=CC(=CC=1)NC1=NC(C)=CC(N2CCOCC2)=N1)C1=CC=C(C=C1C)C,c1(N=c2[nH]c(N3CCOCC3)cc(C)n2)cc(C)c(NS(=O)(c2ccc(C)cc2)=O)cc1,0.7297297297297297,0.96986,0.9479086,0.99603474,1.0,1.0,1.0,0.0,453.568,1,"InChI=1S/C23H27N5O3S/c1-16-4-7-20(8-5-16)32(29,30)27-21-9-6-19(14-17(21)2)25-23-24-18(3)15-22(26-23)28-10-12-31-13-11-28/h4-9,14-15,27H,10-13H2,1-3H3,(H,24,25,26)","InChI=1S/C23H27N5O3S/c1-16-4-9-21(17(2)14-16)32(29,30)27-20-7-5-19(6-8-20)25-23-24-18(3)15-22(26-23)28-10-12-31-13-11-28/h4-9,14-15,27H,10-13H2,1-3H3,(H,24,25,26)"
MCULE-5816683920,https://mcule.com/MCULE-5816683920/,,S(=O)(=O)(C1C=CC(=CC=1)CC)NC1C=CC(=CC=1)NC1=NC(C)=CC(N2CCOCC2)=N1,c1(N=c2[nH]c(N3CCOCC3)cc(C)n2)cc(C)c(NS(=O)(=O)c2ccc(C)cc2)cc1,0.7401685393258427,0.88396764,0.85878396,0.8399507,1.0,1.0,0.83,0.14,453.568,1,"InChI=1S/C23H27N5O3S/c1-16-4-7-20(8-5-16)32(29,30)27-21-9-6-19(14-17(21)2)25-23-24-18(3)15-22(26-23)28-10-12-31-13-11-28/h4-9,14-15,27H,10-13H2,1-3H3,(H,24,25,26)","InChI=1S/C23H27N5O3S/c1-3-18-4-10-21(11-5-18)32(29,30)27-20-8-6-19(7-9-20)25-23-24-17(2)16-22(26-23)28-12-14-31-15-13-28/h4-11,16,27H,3,12-15H2,1-2H3,(H,24,25,26)"
MCULE-5816683920,https://mcule.com/MCULE-5816683920/,,S(=O)(=O)(C1C=CC(=CC=1)CC)NC1C=CC(=CC=1)NC1=NC(C)=CC(N2CCOCC2)=N1,c1(N=c2[nH]c(N3CCOCC3)cc(C)n2)cc(C)c(NS(=O)(c2ccc(C)cc2)=O)cc1,0.7401685393258427,0.88396764,0.85878396,0.8399507,1.0,1.0,0.83,0.14,453.568,1,"InChI=1S/C23H27N5O3S/c1-16-4-7-20(8-5-16)32(29,30)27-21-9-6-19(14-17(21)2)25-23-24-18(3)15-22(26-23)28-10-12-31-13-11-28/h4-9,14-15,27H,10-13H2,1-3H3,(H,24,25,26)","InChI=1S/C23H27N5O3S/c1-3-18-4-10-21(11-5-18)32(29,30)27-20-8-6-19(7-9-20)25-23-24-17(2)16-22(26-23)28-12-14-31-15-13-28/h4-11,16,27H,3,12-15H2,1-2H3,(H,24,25,26)"
MCULE-7419739310,https://mcule.com/MCULE-7419739310/,,N1=C(C=C(N=C1NC1C=CC(=CC=1)NC(C1CCCCC1)=O)C)N1CCOCC1,c1cc(N=c2[nH]c(N3CCOCCC3)cc(C)n2)ccc1NC(=O)C1CCCCC1,0.7197452229299363,0.96986,0.9479086,0.99603474,1.0,1.0,1.0,0.0,395.507,1,"InChI=1S/C23H31N5O2/c1-17-16-21(28-12-5-14-30-15-13-28)27-23(24-17)26-20-10-8-19(9-11-20)25-22(29)18-6-3-2-4-7-18/h8-11,16,18H,2-7,12-15H2,1H3,(H,25,29)(H,24,26,27)","InChI=1S/C22H29N5O2/c1-16-15-20(27-11-13-29-14-12-27)26-22(23-16)25-19-9-7-18(8-10-19)24-21(28)17-5-3-2-4-6-17/h7-10,15,17H,2-6,11-14H2,1H3,(H,24,28)(H,23,25,26)"
ZINC000033078157,ZINC000033078157,3.0,Cc1cc(N2CCOCC2)nc(Nc3ccc(NC(=O)C4CCCCC4)cc3)n1,c1cc(N=c2[nH]c(N3CCOCCC3)cc(C)n2)ccc1NC(=O)C4CCCCC4,0.4266666666666667,0.96986,0.9479086,0.99603474,1.0,1.0,1.0,0.0,395.507,1,"InChI=1S/C23H31N5O2/c1-17-16-21(28-12-5-14-30-15-13-28)27-23(24-17)26-20-10-8-19(9-11-20)25-22(29)18-6-3-2-4-7-18/h8-11,16,18H,2-7,12-15H2,1H3,(H,25,29)(H,24,26,27)","InChI=1S/C22H29N5O2/c1-16-15-20(27-11-13-29-14-12-27)26-22(23-16)25-19-9-7-18(8-10-19)24-21(28)17-5-3-2-4-6-17/h7-10,15,17H,2-6,11-14H2,1H3,(H,24,28)(H,23,25,26)"
MCULE-8278623228,https://mcule.com/MCULE-8278623228/,,N1=C(C=C(N=C1NC1=CC=C(C=C1)NC(C1=CC=CC=C1)=O)C)N1CCCCC1,c1cc(N=c2[nH]c(N3CCCCCC3)cc(C)n2)ccc1NC(=O)c1ccccc1,0.7265100671140939,0.96986,0.9479086,0.99603474,1.0,1.0,1.0,0.0,387.487,1,"InChI=1S/C24H27N5O/c1-18-17-22(29-15-7-2-3-8-16-29)28-24(25-18)27-21-13-11-20(12-14-21)26-23(30)19-9-5-4-6-10-19/h4-6,9-14,17H,2-3,7-8,15-16H2,1H3,(H,26,30)(H,25,27,28)","InChI=1S/C23H25N5O/c1-17-16-21(28-14-6-3-7-15-28)27-23(24-17)26-20-12-10-19(11-13-20)25-22(29)18-8-4-2-5-9-18/h2,4-5,8-13,16H,3,6-7,14-15H2,1H3,(H,25,29)(H,24,26,27)"
ZINC000017013516,ZINC000017013516,3.0,Cc1cc(N2CCCCC2)nc(Nc3ccc(NC(=O)c4ccccc4)cc3)n1,c1cc(N=c2[nH]c(N3CCCCCC3)cc(C)n2)ccc1NC(=O)c4ccccc4,0.4264705882352941,0.96986,0.9479086,0.99603474,1.0,1.0,1.0,0.0,387.487,1,"InChI=1S/C24H27N5O/c1-18-17-22(29-15-7-2-3-8-16-29)28-24(25-18)27-21-13-11-20(12-14-21)26-23(30)19-9-5-4-6-10-19/h4-6,9-14,17H,2-3,7-8,15-16H2,1H3,(H,26,30)(H,25,27,28)","InChI=1S/C23H25N5O/c1-17-16-21(28-14-6-3-7-15-28)27-23(24-17)26-20-12-10-19(11-13-20)25-22(29)18-8-4-2-5-9-18/h2,4-5,8-13,16H,3,6-7,14-15H2,1H3,(H,25,29)(H,24,26,27)"
MCULE-8278623228,https://mcule.com/MCULE-8278623228/,,N1=C(C=C(N=C1NC1=CC=C(C=C1)NC(C1=CC=CC=C1)=O)C)N1CCCCC1,c1cc(N=c2[nH]c(N3CCCCCC3)cc(C)n2)ccc1NC(c1ccccc1)=O,0.7265100671140939,0.96986,0.9479086,0.99603474,1.0,1.0,1.0,0.0,387.487,1,"InChI=1S/C24H27N5O/c1-18-17-22(29-15-7-2-3-8-16-29)28-24(25-18)27-21-13-11-20(12-14-21)26-23(30)19-9-5-4-6-10-19/h4-6,9-14,17H,2-3,7-8,15-16H2,1H3,(H,26,30)(H,25,27,28)","InChI=1S/C23H25N5O/c1-17-16-21(28-14-6-3-7-15-28)27-23(24-17)26-20-12-10-19(11-13-20)25-22(29)18-8-4-2-5-9-18/h2,4-5,8-13,16H,3,6-7,14-15H2,1H3,(H,25,29)(H,24,26,27)"
ZINC000017013516,ZINC000017013516,3.0,Cc1cc(N2CCCCC2)nc(Nc3ccc(NC(=O)c4ccccc4)cc3)n1,c1cc(N=c2[nH]c(N3CCCCCC3)cc(C)n2)ccc1NC(c4ccccc4)=O,0.4264705882352941,0.96986,0.9479086,0.99603474,1.0,1.0,1.0,0.0,387.487,1,"InChI=1S/C24H27N5O/c1-18-17-22(29-15-7-2-3-8-16-29)28-24(25-18)27-21-13-11-20(12-14-21)26-23(30)19-9-5-4-6-10-19/h4-6,9-14,17H,2-3,7-8,15-16H2,1H3,(H,26,30)(H,25,27,28)","InChI=1S/C23H25N5O/c1-17-16-21(28-14-6-3-7-15-28)27-23(24-17)26-20-12-10-19(11-13-20)25-22(29)18-8-4-2-5-9-18/h2,4-5,8-13,16H,3,6-7,14-15H2,1H3,(H,25,29)(H,24,26,27)"
MCULE-1329927232,https://mcule.com/MCULE-1329927232/,,N1=C(C=C(N=C1NC1C=CC(=CC=1)NC(=O)C1C=CC(=CC=1)C)C)N1CCCCC1,c1cc(N=c2[nH]c(N3CCCCCC3)cc(C)n2)ccc1NC(=O)c1ccccc1,0.7079934747145188,0.96986,0.9479086,0.99603474,1.0,1.0,1.0,0.0,401.514,1,"InChI=1S/C24H27N5O/c1-18-17-22(29-15-7-2-3-8-16-29)28-24(25-18)27-21-13-11-20(12-14-21)26-23(30)19-9-5-4-6-10-19/h4-6,9-14,17H,2-3,7-8,15-16H2,1H3,(H,26,30)(H,25,27,28)","InChI=1S/C24H27N5O/c1-17-6-8-19(9-7-17)23(30)26-20-10-12-21(13-11-20)27-24-25-18(2)16-22(28-24)29-14-4-3-5-15-29/h6-13,16H,3-5,14-15H2,1-2H3,(H,26,30)(H,25,27,28)"
ZINC000009573351,ZINC000009573351,4.0,Cc1ccc(C(=O)Nc2ccc(Nc3nc(C)cc(N4CCCCC4)n3)cc2)cc1,c1cc(N=c2[nH]c(N3CCCCCC3)cc(C)n2)ccc1NC(=O)c4ccccc4,0.3561643835616438,0.96986,0.9479086,0.99603474,1.0,1.0,1.0,0.0,401.514,1,"InChI=1S/C24H27N5O/c1-18-17-22(29-15-7-2-3-8-16-29)28-24(25-18)27-21-13-11-20(12-14-21)26-23(30)19-9-5-4-6-10-19/h4-6,9-14,17H,2-3,7-8,15-16H2,1H3,(H,26,30)(H,25,27,28)","InChI=1S/C24H27N5O/c1-17-6-8-19(9-7-17)23(30)26-20-10-12-21(13-11-20)27-24-25-18(2)16-22(28-24)29-14-4-3-5-15-29/h6-13,16H,3-5,14-15H2,1-2H3,(H,26,30)(H,25,27,28)"
MCULE-1329927232,https://mcule.com/MCULE-1329927232/,,N1=C(C=C(N=C1NC1C=CC(=CC=1)NC(=O)C1C=CC(=CC=1)C)C)N1CCCCC1,c1cc(N=c2[nH]c(N3CCCCCC3)cc(C)n2)ccc1NC(c1ccccc1)=O,0.7079934747145188,0.96986,0.9479086,0.99603474,1.0,1.0,1.0,0.0,401.514,1,"InChI=1S/C24H27N5O/c1-18-17-22(29-15-7-2-3-8-16-29)28-24(25-18)27-21-13-11-20(12-14-21)26-23(30)19-9-5-4-6-10-19/h4-6,9-14,17H,2-3,7-8,15-16H2,1H3,(H,26,30)(H,25,27,28)","InChI=1S/C24H27N5O/c1-17-6-8-19(9-7-17)23(30)26-20-10-12-21(13-11-20)27-24-25-18(2)16-22(28-24)29-14-4-3-5-15-29/h6-13,16H,3-5,14-15H2,1-2H3,(H,26,30)(H,25,27,28)"
ZINC000009573351,ZINC000009573351,4.0,Cc1ccc(C(=O)Nc2ccc(Nc3nc(C)cc(N4CCCCC4)n3)cc2)cc1,c1cc(N=c2[nH]c(N3CCCCCC3)cc(C)n2)ccc1NC(c4ccccc4)=O,0.3561643835616438,0.96986,0.9479086,0.99603474,1.0,1.0,1.0,0.0,401.514,1,"InChI=1S/C24H27N5O/c1-18-17-22(29-15-7-2-3-8-16-29)28-24(25-18)27-21-13-11-20(12-14-21)26-23(30)19-9-5-4-6-10-19/h4-6,9-14,17H,2-3,7-8,15-16H2,1H3,(H,26,30)(H,25,27,28)","InChI=1S/C24H27N5O/c1-17-6-8-19(9-7-17)23(30)26-20-10-12-21(13-11-20)27-24-25-18(2)16-22(28-24)29-14-4-3-5-15-29/h6-13,16H,3-5,14-15H2,1-2H3,(H,26,30)(H,25,27,28)"
MCULE-1508380250,https://mcule.com/MCULE-1508380250/,,S(=O)(=O)(C1C=CC(=CC=1)C)NC1C=CC(=CC=1)NC1=NC(C)=CC(N2CCOCC2)=N1,c1(N=c2[nH]c(N3CCOCCC3)cc(C)n2)cc(C)c(NS(=O)(c2ccc(C)cc2)=O)cc1,0.7123287671232876,0.833965,0.83366245,0.6961288,1.0,1.0,0.8,0.17,439.541,1,"InChI=1S/C24H29N5O3S/c1-17-5-8-21(9-6-17)33(30,31)28-22-10-7-20(15-18(22)2)26-24-25-19(3)16-23(27-24)29-11-4-13-32-14-12-29/h5-10,15-16,28H,4,11-14H2,1-3H3,(H,25,26,27)","InChI=1S/C22H25N5O3S/c1-16-3-9-20(10-4-16)31(28,29)26-19-7-5-18(6-8-19)24-22-23-17(2)15-21(25-22)27-11-13-30-14-12-27/h3-10,15,26H,11-14H2,1-2H3,(H,23,24,25)"
MCULE-3972434836,https://mcule.com/MCULE-3972434836/,,S(=O)(=O)(NC1C=CC(=CC=1)NC1=NC(C)=CC(N2CCOCC2)=N1)C1=CC=C(C=C1C)C,c1(N=c2[nH]c(N3CCOCCC3)cc(C)n2)cc(C)c(NS(=O)(c2ccc(C)cc2)=O)cc1,0.7011795543905636,0.96986,0.9479086,0.99603474,1.0,1.0,1.0,0.0,453.568,1,"InChI=1S/C24H29N5O3S/c1-17-5-8-21(9-6-17)33(30,31)28-22-10-7-20(15-18(22)2)26-24-25-19(3)16-23(27-24)29-11-4-13-32-14-12-29/h5-10,15-16,28H,4,11-14H2,1-3H3,(H,25,26,27)","InChI=1S/C23H27N5O3S/c1-16-4-9-21(17(2)14-16)32(29,30)27-20-7-5-19(6-8-20)25-23-24-18(3)15-22(26-23)28-10-12-31-13-11-28/h4-9,14-15,27H,10-13H2,1-3H3,(H,24,25,26)"
MCULE-5816683920,https://mcule.com/MCULE-5816683920/,,S(=O)(=O)(C1C=CC(=CC=1)CC)NC1C=CC(=CC=1)NC1=NC(C)=CC(N2CCOCC2)=N1,c1(N=c2[nH]c(N3CCOCCC3)cc(C)n2)cc(C)c(NS(=O)(c2ccc(C)cc2)=O)cc1,0.7125340599455041,0.88396764,0.85878396,0.8399507,1.0,1.0,0.83,0.14,453.568,1,"InChI=1S/C24H29N5O3S/c1-17-5-8-21(9-6-17)33(30,31)28-22-10-7-20(15-18(22)2)26-24-25-19(3)16-23(27-24)29-11-4-13-32-14-12-29/h5-10,15-16,28H,4,11-14H2,1-3H3,(H,25,26,27)","InChI=1S/C23H27N5O3S/c1-3-18-4-10-21(11-5-18)32(29,30)27-20-8-6-19(7-9-20)25-23-24-17(2)16-22(26-23)28-12-14-31-15-13-28/h4-11,16,27H,3,12-15H2,1-2H3,(H,24,25,26)"
MCULE-2557790400,https://mcule.com/MCULE-2557790400/,,S(=O)(=O)(C1C=CC(=CC=1)OC)NC1C=CC(=CC=1)NC1=NC(C)=CC(N2CCOCC2)=N1,c1(N=c2[nH]c(N3CCOCCC3)cc(C)n2)cc(C)c(NS(=O)(=O)c2ccc(OC)cc2)cc1,0.7194630872483222,0.79880524,0.88065463,0.5,1.0,1.0,0.86,0.2,455.54,1,"InChI=1S/C24H29N5O4S/c1-17-15-19(5-10-22(17)28-34(30,31)21-8-6-20(32-3)7-9-21)26-24-25-18(2)16-23(27-24)29-11-4-13-33-14-12-29/h5-10,15-16,28H,4,11-14H2,1-3H3,(H,25,26,27)","InChI=1S/C22H25N5O4S/c1-16-15-21(27-11-13-31-14-12-27)25-22(23-16)24-17-3-5-18(6-4-17)26-32(28,29)20-9-7-19(30-2)8-10-20/h3-10,15,26H,11-14H2,1-2H3,(H,23,24,25)"
MCULE-1729821235,https://mcule.com/MCULE-1729821235/,,S(=O)(=O)(NC1C=CC(=CC=1)NC1=NC(C)=CC(N2CCOCC2)=N1)C1=CC=C(C(C)=C1)OC,c1(N=c2[nH]c(N3CCOCCC3)cc(C)n2)cc(C)c(NS(=O)(=O)c2ccc(OC)cc2)cc1,0.7215686274509804,0.8021314,0.8872662,0.5,1.0,1.0,0.87,0.2,469.567,1,"InChI=1S/C24H29N5O4S/c1-17-15-19(5-10-22(17)28-34(30,31)21-8-6-20(32-3)7-9-21)26-24-25-18(2)16-23(27-24)29-11-4-13-33-14-12-29/h5-10,15-16,28H,4,11-14H2,1-3H3,(H,25,26,27)","InChI=1S/C23H27N5O4S/c1-16-14-20(8-9-21(16)31-3)33(29,30)27-19-6-4-18(5-7-19)25-23-24-17(2)15-22(26-23)28-10-12-32-13-11-28/h4-9,14-15,27H,10-13H2,1-3H3,(H,24,25,26)"
